track,proj,blk,stk,dist,reg,ten,floor,date,base_sqft,ph_sqft,extra,extra_pct,n_base,base_price,ph_price,base_psf,ph_psf,void_psf,ratio,headline_drop
newsale,33 RESIDENCES,33 LORONG 30 GEYLANG,05,14,Central Region,FH,8,2018-06-17,797,1033,237,0.297,5,1286545,1548000,1615,1498,1104,0.6836,-0.0725
newsale,35 GILSTEAD,35 GILSTEAD ROAD,05,11,Central Region,FH,5,2022-01-12,926,1066,140,0.151,4,2484792,2627000,2684,2465,1016,0.3786,-0.0816
newsale,35 GILSTEAD,35 GILSTEAD ROAD,07,11,Central Region,FH,5,2019-11-01,1012,1249,237,0.234,3,2609356,2923000,2579,2341,1325,0.5136,-0.0922
newsale,35 GILSTEAD,35 GILSTEAD ROAD,12,11,Central Region,FH,5,2019-11-01,1012,1249,237,0.234,3,2628708,2923000,2598,2341,1243,0.4784,-0.0989
newsale,38 JERVOIS,38 JERVOIS ROAD,03,10,Central Region,FH,5,2018-06-19,474,700,226,0.477,3,1148477,1610899,2425,2302,2046,0.8436,-0.0505
newsale,6 DERBYSHIRE,6 DERBYSHIRE ROAD,03,11,Central Region,FH,29,2016-04-21,732,1130,398,0.544,13,1627080,2260000,2223,2000,1589,0.7149,-0.1005
newsale,8 SAINT THOMAS,8 ST. THOMAS WALK,02,09,Central Region,FH,23,2018-08-25,441,549,108,0.244,7,1518980,1825000,3442,3324,2843,0.826,-0.0341
newsale,8@BT,8 BUKIT TIMAH LINK,06,21,Central Region,LH,16,2024-09-21,517,624,108,0.208,9,1529840,1860000,2961,2979,3067,1.0359,0.0062
newsale,AFFINITY AT SERANGOON,18 SERANGOON NORTH AVENUE 1,01,19,North East Region,LH,14,2021-07-21,1152,1722,570,0.495,3,1709655,2722000,1484,1580,1775,1.1954,0.0647
newsale,AFFINITY AT SERANGOON,18 SERANGOON NORTH AVENUE 1,05,19,North East Region,LH,14,2021-08-15,1410,1668,258,0.183,9,2273040,2400000,1612,1438,491,0.3049,-0.1076
newsale,AFFINITY AT SERANGOON,18 SERANGOON NORTH AVENUE 1,06,19,North East Region,LH,14,2021-09-25,850,958,108,0.127,3,1428400,1556000,1680,1624,1185,0.7057,-0.0331
newsale,AFFINITY AT SERANGOON,20 SERANGOON NORTH AVENUE 1,11,19,North East Region,LH,14,2021-04-09,1152,1722,570,0.495,6,1805426,2602880,1568,1511,1398,0.8917,-0.0359
newsale,AFFINITY AT SERANGOON,20 SERANGOON NORTH AVENUE 1,12,19,North East Region,LH,13,2021-01-23,474,560,86,0.182,10,803288,819112,1696,1463,184,0.1083,-0.1372
newsale,AFFINITY AT SERANGOON,20 SERANGOON NORTH AVENUE 1,15,19,North East Region,LH,14,2021-06-25,1453,1711,258,0.178,7,2295776,2453220,1580,1433,609,0.3858,-0.0927
newsale,AFFINITY AT SERANGOON,20 SERANGOON NORTH AVENUE 1,16,19,North East Region,LH,14,2021-09-21,850,958,108,0.127,12,1428802,1613000,1680,1684,1711,1.0185,0.0021
newsale,AFFINITY AT SERANGOON,22 SERANGOON NORTH AVENUE 1,22,19,North East Region,LH,13,2019-09-30,474,560,86,0.182,12,726918,753000,1535,1345,303,0.1973,-0.1235
newsale,AFFINITY AT SERANGOON,22 SERANGOON NORTH AVENUE 1,25,19,North East Region,LH,14,2022-03-14,1453,1711,258,0.178,9,2325096,2403575,1600,1404,304,0.1899,-0.1223
newsale,AFFINITY AT SERANGOON,24 SERANGOON NORTH AVENUE 1,32,19,North East Region,LH,14,2020-02-16,1076,1249,172,0.16,11,1617200,1688000,1502,1352,411,0.2736,-0.1002
newsale,AFFINITY AT SERANGOON,24 SERANGOON NORTH AVENUE 1,42,19,North East Region,LH,14,2021-10-03,850,958,108,0.127,9,1362100,1539000,1602,1606,1643,1.026,0.0029
newsale,AFFINITY AT SERANGOON,26 SERANGOON NORTH AVENUE 1,44,19,North East Region,LH,13,2020-07-07,474,560,86,0.182,12,771072,791010,1628,1413,232,0.1422,-0.132
newsale,AFFINITY AT SERANGOON,26 SERANGOON NORTH AVENUE 1,47,19,North East Region,LH,14,2018-08-02,1076,1249,172,0.16,9,1629320,1628000,1514,1304,-8,-0.0051,-0.1386
newsale,AFFINITY AT SERANGOON,26 SERANGOON NORTH AVENUE 1,53,19,North East Region,LH,14,2021-07-27,904,1012,108,0.119,7,1388464,1433961,1536,1417,423,0.2753,-0.0771
newsale,AFFINITY AT SERANGOON,28 SERANGOON NORTH AVENUE 1,55,19,North East Region,LH,13,2021-01-26,474,560,86,0.182,3,810432,842112,1711,1504,368,0.215,-0.1208
newsale,AFFINITY AT SERANGOON,28 SERANGOON NORTH AVENUE 1,58,19,North East Region,LH,14,2018-06-02,1076,1249,172,0.16,9,1683708,1842000,1564,1475,919,0.5876,-0.0569
newsale,AFFINITY AT SERANGOON,28 SERANGOON NORTH AVENUE 1,63,19,North East Region,LH,13,2019-02-03,474,560,86,0.182,10,713864,742000,1507,1326,327,0.2168,-0.1205
newsale,AFFINITY AT SERANGOON,30 SERANGOON NORTH AVENUE 1,65,19,North East Region,LH,14,2020-12-30,1076,1249,172,0.16,3,1682001,1776000,1563,1422,546,0.3493,-0.0898
newsale,AFFINITY AT SERANGOON,30 SERANGOON NORTH AVENUE 1,68,19,North East Region,LH,13,2021-01-23,474,560,86,0.182,8,831954,852112,1757,1522,234,0.1333,-0.1333
newsale,AMBER 45,45 AMBER ROAD,01,15,Central Region,FH,21,2018-06-18,614,764,151,0.246,19,1544420,1635000,2517,2139,601,0.2388,-0.1501
newsale,AMBER 45,45 AMBER ROAD,03,15,Central Region,FH,21,2018-05-11,1593,1798,205,0.128,10,3943052,4200000,2475,2336,1256,0.5076,-0.056
newsale,AMBER 45,45 AMBER ROAD,05,15,Central Region,FH,21,2020-06-17,1346,1518,172,0.128,4,2982276,3100000,2216,2043,684,0.3084,-0.0785
newsale,AMBER 45,45 AMBER ROAD,07,15,Central Region,FH,21,2018-11-14,700,829,129,0.185,19,1783808,1800000,2550,2172,125,0.0492,-0.1482
newsale,AMO RESIDENCE,23 ANG MO KIO RISE,14,20,North East Region,LH,25,2022-07-23,1141,1367,226,0.198,23,2572416,2739000,2255,2004,737,0.3269,-0.1113
newsale,ARDOR RESIDENCE,181 HAIG ROAD,01,15,Central Region,FH,5,2025-02-26,1292,1507,215,0.167,3,3356640,3400000,2599,2256,201,0.0775,-0.1318
newsale,ARDOR RESIDENCE,181 HAIG ROAD,04,15,Central Region,FH,5,2025-06-10,1044,1249,205,0.196,3,2567047,2785000,2459,2230,1066,0.4335,-0.0928
newsale,ARENA RESIDENCES,20 GUILLEMARD CRESCENT,01,14,Central Region,FH,14,2019-12-27,818,1238,420,0.513,10,1539904,1670000,1882,1349,310,0.1646,-0.2833
newsale,ARENA RESIDENCES,20 GUILLEMARD CRESCENT,04,14,Central Region,FH,14,2019-09-03,807,1238,431,0.533,3,1536120,1680000,1903,1357,334,0.1756,-0.2867
newsale,ARENA RESIDENCES,20 GUILLEMARD CRESCENT,05,14,Central Region,FH,14,2018-11-11,807,1238,431,0.533,7,1503992,1636000,1863,1322,307,0.1646,-0.2906
newsale,ARENA RESIDENCES,20 GUILLEMARD CRESCENT,07,14,Central Region,FH,14,2018-12-23,549,850,301,0.549,9,1034288,1130000,1884,1329,318,0.1685,-0.2947
newsale,ARENA RESIDENCES,20 GUILLEMARD CRESCENT,08,14,Central Region,FH,14,2019-01-29,883,1324,441,0.5,6,1649832,1744000,1869,1317,213,0.1142,-0.2953
newsale,ARINA EAST RESIDENCES,6C TANJONG RHU ROAD,03,15,Central Region,FH,18,2025-10-17,861,969,108,0.125,8,2522192,2905000,2929,2999,3556,1.2142,0.0238
newsale,AVENUE SOUTH RESIDENCE,11 SILAT AVENUE,27,03,Central Region,LH,56,2019-10-19,1109,1302,194,0.175,22,2483484,2704000,2240,2076,1138,0.5081,-0.0732
newsale,AVENUE SOUTH RESIDENCE,11 SILAT AVENUE,31,03,Central Region,LH,56,2021-01-29,1496,1668,172,0.115,14,3283124,3468000,2194,2079,1073,0.4892,-0.0527
newsale,AVENUE SOUTH RESIDENCE,11 SILAT AVENUE,32,03,Central Region,LH,56,2022-04-04,732,883,151,0.206,13,1745220,1861000,2384,2108,768,0.3222,-0.1157
newsale,AVENUE SOUTH RESIDENCE,11 SILAT AVENUE,36,03,Central Region,LH,56,2022-04-02,947,1119,172,0.182,23,2216544,2381000,2340,2127,955,0.4081,-0.0911
newsale,AVENUE SOUTH RESIDENCE,13 SILAT AVENUE,37,03,Central Region,LH,56,2020-01-03,1496,1668,172,0.115,4,3351752,3519000,2240,2109,971,0.4335,-0.0585
newsale,AVENUE SOUTH RESIDENCE,13 SILAT AVENUE,41,03,Central Region,LH,56,2021-09-18,1109,1302,194,0.175,24,2541160,2769000,2292,2126,1176,0.5131,-0.0724
newsale,AVENUE SOUTH RESIDENCE,13 SILAT AVENUE,42,03,Central Region,LH,56,2022-03-30,947,1119,172,0.182,16,2205490,2357000,2328,2105,880,0.3778,-0.0957
newsale,AVENUE SOUTH RESIDENCE,13 SILAT AVENUE,46,03,Central Region,LH,56,2022-03-27,732,883,151,0.206,7,1761984,1861000,2407,2108,657,0.2729,-0.1241
newsale,BARTLEY VUE,6 JALAN BUNGA RAMPAI,01,19,Central Region,LH,16,2024-08-19,1066,1270,205,0.192,8,2237514,2503000,2100,1971,1298,0.6183,-0.0615
newsale,BARTLEY VUE,6 JALAN BUNGA RAMPAI,02,19,Central Region,LH,16,2022-09-11,1356,1539,183,0.135,8,2577396,2797000,1900,1817,1200,0.6315,-0.0438
newsale,BARTLEY VUE,8 JALAN BUNGA RAMPAI,08,19,Central Region,LH,16,2025-02-19,1044,1259,215,0.206,3,2229984,2494000,2136,1980,1226,0.5742,-0.0728
newsale,BLOOMSBURY RESIDENCES,65 MEDIA CIRCLE,17,05,Central Region,LH,21,2025-04-11,1421,2131,710,0.5,4,3825300,5753700,2692,2700,2714,1.0082,0.0027
newsale,BLOSSOMS BY THE PARK,9 SLIM BARRACKS RISE,01,05,Central Region,LH,27,2024-08-26,1044,1227,183,0.175,8,2687506,2750000,2574,2241,342,0.1327,-0.1293
newsale,BLOSSOMS BY THE PARK,9 SLIM BARRACKS RISE,02,05,Central Region,LH,27,2023-07-17,915,1033,118,0.129,22,2363056,2548000,2583,2466,1562,0.6048,-0.0453
newsale,BLOSSOMS BY THE PARK,9 SLIM BARRACKS RISE,03,05,Central Region,LH,27,2024-04-26,915,1033,118,0.129,8,2437080,2538000,2664,2456,852,0.32,-0.0779
newsale,BLOSSOMS BY THE PARK,9 SLIM BARRACKS RISE,04,05,Central Region,LH,27,2023-04-29,678,829,151,0.222,24,1701516,1857000,2509,2241,1032,0.4112,-0.1071
newsale,BLOSSOMS BY THE PARK,9 SLIM BARRACKS RISE,06,05,Central Region,LH,27,2026-05-06,1507,1884,377,0.25,16,3776274,3800000,2506,2017,63,0.0251,-0.195
newsale,BLOSSOMS BY THE PARK,9 SLIM BARRACKS RISE,07,05,Central Region,LH,27,2024-02-20,1302,1539,237,0.182,8,3384368,3508000,2598,2279,522,0.2009,-0.1229
newsale,BLOSSOMS BY THE PARK,9 SLIM BARRACKS RISE,08,05,Central Region,LH,27,2023-04-29,549,689,140,0.255,24,1454768,1592000,2650,2311,981,0.3701,-0.128
newsale,BLOSSOMS BY THE PARK,9 SLIM BARRACKS RISE,09,05,Central Region,LH,27,2023-11-09,721,872,151,0.209,24,1893250,2094000,2625,2402,1332,0.5075,-0.0851
newsale,BLOSSOMS BY THE PARK,9 SLIM BARRACKS RISE,10,05,Central Region,LH,27,2023-04-30,678,829,151,0.222,24,1786036,1976000,2634,2384,1261,0.4786,-0.0948
newsale,BLOSSOMS BY THE PARK,9 SLIM BARRACKS RISE,11,05,Central Region,LH,27,2023-04-29,1076,1259,183,0.17,23,2776228,2989000,2579,2373,1163,0.4508,-0.0798
newsale,BOTANIQUE AT BARTLEY,221 UPPER PAYA LEBAR ROAD,01,19,North East Region,LH,17,2015-05-05,1066,1270,205,0.192,13,1459248,1514000,1369,1192,268,0.1955,-0.1295
newsale,BOTANIQUE AT BARTLEY,221 UPPER PAYA LEBAR ROAD,02,19,North East Region,LH,17,2015-06-08,753,958,205,0.271,14,951276,1005000,1263,1049,263,0.2081,-0.1691
newsale,BOTANIQUE AT BARTLEY,221 UPPER PAYA LEBAR ROAD,03,19,North East Region,LH,17,2015-06-29,1033,1238,205,0.198,11,1423464,1463000,1378,1182,193,0.1403,-0.142
newsale,BOTANIQUE AT BARTLEY,221 UPPER PAYA LEBAR ROAD,04,19,North East Region,LH,17,2015-04-30,743,861,118,0.159,12,991370,997000,1335,1158,48,0.0356,-0.1326
newsale,BOTANIQUE AT BARTLEY,223 UPPER PAYA LEBAR ROAD,05,19,North East Region,LH,17,2015-07-05,958,1163,205,0.213,14,1250284,1306000,1305,1123,272,0.2087,-0.1392
newsale,BOTANIQUE AT BARTLEY,223 UPPER PAYA LEBAR ROAD,07,19,North East Region,LH,17,2015-06-02,926,1130,205,0.221,14,1232156,1292000,1331,1143,293,0.2198,-0.1412
newsale,BOTANIQUE AT BARTLEY,225 UPPER PAYA LEBAR ROAD,09,19,North East Region,LH,17,2015-05-04,1066,1270,205,0.192,7,1440040,1492000,1351,1175,254,0.188,-0.1307
newsale,BOTANIQUE AT BARTLEY,225 UPPER PAYA LEBAR ROAD,10,19,North East Region,LH,17,2015-05-19,732,850,118,0.162,15,982016,997000,1342,1172,127,0.0943,-0.1261
newsale,BOTANIQUE AT BARTLEY,225 UPPER PAYA LEBAR ROAD,11,19,North East Region,LH,17,2015-06-07,1033,1238,205,0.198,5,1416212,1486000,1371,1200,341,0.249,-0.1241
newsale,BOTANIQUE AT BARTLEY,225 UPPER PAYA LEBAR ROAD,12,19,North East Region,LH,17,2015-08-21,1130,1356,226,0.2,10,1523026,1580000,1348,1165,252,0.187,-0.1355
newsale,BOTANIQUE AT BARTLEY,227 UPPER PAYA LEBAR ROAD,13,19,North East Region,LH,17,2015-05-08,958,1163,205,0.213,14,1261806,1334000,1317,1148,353,0.268,-0.1288
newsale,BOTANIQUE AT BARTLEY,227 UPPER PAYA LEBAR ROAD,14,19,North East Region,LH,17,2015-05-18,732,850,118,0.162,14,978288,992000,1337,1167,116,0.0866,-0.1272
newsale,BOTANIQUE AT BARTLEY,227 UPPER PAYA LEBAR ROAD,15,19,North East Region,LH,17,2015-05-25,926,1130,205,0.221,13,1232352,1306000,1331,1156,360,0.2705,-0.132
newsale,BOTANIQUE AT BARTLEY,227 UPPER PAYA LEBAR ROAD,16,19,North East Region,LH,17,2015-05-27,1130,1356,226,0.2,9,1520064,1580000,1345,1165,265,0.1972,-0.1338
newsale,BOTANIQUE AT BARTLEY,229 UPPER PAYA LEBAR ROAD,17,19,North East Region,LH,17,2015-07-21,495,646,151,0.304,15,682240,743000,1378,1150,403,0.2926,-0.1651
newsale,BOTANIQUE AT BARTLEY,229 UPPER PAYA LEBAR ROAD,20,19,North East Region,LH,17,2015-08-02,517,689,172,0.333,15,687940,756000,1331,1097,395,0.2968,-0.1758
newsale,BOTANIQUE AT BARTLEY,229 UPPER PAYA LEBAR ROAD,23,19,North East Region,LH,17,2015-07-23,495,646,151,0.304,14,679684,744000,1373,1152,427,0.3109,-0.1608
newsale,BOTANIQUE AT BARTLEY,231 UPPER PAYA LEBAR ROAD,24,19,North East Region,LH,17,2015-06-20,495,646,151,0.304,14,656106,718000,1325,1112,411,0.3099,-0.161
newsale,BOTANIQUE AT BARTLEY,231 UPPER PAYA LEBAR ROAD,27,19,North East Region,LH,17,2015-09-17,517,689,172,0.333,15,685676,748000,1327,1086,362,0.2727,-0.1818
newsale,BOTANIQUE AT BARTLEY,231 UPPER PAYA LEBAR ROAD,30,19,North East Region,LH,17,2015-07-21,495,646,151,0.304,16,657620,721000,1328,1116,421,0.3167,-0.1595
newsale,BOTANIQUE AT BARTLEY,233 UPPER PAYA LEBAR ROAD,31,19,North East Region,LH,17,2015-07-14,495,646,151,0.304,15,679592,744000,1373,1152,427,0.3114,-0.1607
newsale,BOTANIQUE AT BARTLEY,233 UPPER PAYA LEBAR ROAD,34,19,North East Region,LH,17,2015-06-23,517,689,172,0.333,14,680886,744000,1318,1080,366,0.2781,-0.1805
newsale,BOTANIQUE AT BARTLEY,233 UPPER PAYA LEBAR ROAD,37,19,North East Region,LH,17,2015-06-27,495,646,151,0.304,16,678300,744000,1370,1152,436,0.3182,-0.1591
newsale,BOTANIQUE AT BARTLEY,235 UPPER PAYA LEBAR ROAD,38,19,North East Region,LH,17,2015-06-06,1033,1238,205,0.198,13,1428920,1486000,1383,1200,279,0.2018,-0.1319
newsale,BOTANIQUE AT BARTLEY,235 UPPER PAYA LEBAR ROAD,40,19,North East Region,LH,17,2015-08-05,721,840,118,0.164,15,953344,959000,1322,1142,48,0.0361,-0.1359
newsale,BOTANIQUE AT BARTLEY,235 UPPER PAYA LEBAR ROAD,41,19,North East Region,LH,17,2015-05-28,721,840,118,0.164,14,955898,969000,1325,1154,111,0.0835,-0.1292
newsale,BOTANIQUE AT BARTLEY,237 UPPER PAYA LEBAR ROAD,42,19,North East Region,LH,17,2015-05-31,495,646,151,0.304,13,679056,744000,1371,1152,431,0.3142,-0.16
newsale,BOTANIQUE AT BARTLEY,237 UPPER PAYA LEBAR ROAD,45,19,North East Region,LH,17,2015-07-24,517,689,172,0.333,16,686390,756000,1328,1097,404,0.3042,-0.1739
newsale,BOTANIQUE AT BARTLEY,237 UPPER PAYA LEBAR ROAD,48,19,North East Region,LH,17,2015-06-13,495,646,151,0.304,15,676000,735000,1365,1138,392,0.2868,-0.1664
newsale,CAIRNHILL 16,16 CAIRNHILL RISE,01,09,Central Region,FH,14,2023-06-09,1292,1744,452,0.35,9,3733043,5606112,2890,3215,4143,1.4336,0.1124
newsale,CHUAN PARK,242 LORONG CHUAN,01,19,North East Region,LH,22,2025-05-16,732,872,140,0.191,21,1931384,2088700,2639,2396,1124,0.4261,-0.0921
newsale,CHUAN PARK,242 LORONG CHUAN,03,19,North East Region,LH,22,2024-11-10,1023,1206,183,0.179,21,2721180,2795781,2661,2319,408,0.1532,-0.1285
newsale,CHUAN PARK,242 LORONG CHUAN,04,19,North East Region,LH,22,2025-06-29,1023,1206,183,0.179,21,2755730,2886900,2695,2395,717,0.266,-0.1114
newsale,CHUAN PARK,242 LORONG CHUAN,06,19,North East Region,LH,22,2025-02-18,743,883,140,0.188,21,1994684,2131000,2686,2414,974,0.3627,-0.101
newsale,CHUAN PARK,242 LORONG CHUAN,07,19,North East Region,LH,22,2025-05-04,936,1119,183,0.195,21,2463120,2651900,2630,2369,1032,0.3922,-0.0993
newsale,CHUAN PARK,242 LORONG CHUAN,08,19,North East Region,LH,22,2024-11-10,915,1109,194,0.212,21,2406104,2516516,2630,2270,570,0.2167,-0.1369
newsale,CHUAN PARK,242 LORONG CHUAN,09,19,North East Region,LH,22,2024-11-10,700,829,129,0.185,21,1867866,1908200,2670,2302,312,0.117,-0.1376
newsale,CHUAN PARK,244 LORONG CHUAN,11,19,North East Region,LH,22,2024-11-21,915,1109,194,0.212,21,2452949,2630961,2681,2373,919,0.3427,-0.1149
newsale,CHUAN PARK,244 LORONG CHUAN,12,19,North East Region,LH,22,2025-01-17,936,1119,183,0.195,21,2491040,2645946,2660,2364,847,0.3182,-0.1114
newsale,CHUAN PARK,244 LORONG CHUAN,13,19,North East Region,LH,22,2024-11-10,743,883,140,0.188,20,2001433,2125956,2695,2409,890,0.3302,-0.1062
newsale,CHUAN PARK,244 LORONG CHUAN,15,19,North East Region,LH,22,2026-05-31,1227,1507,280,0.228,8,3430956,3532910,2796,2344,364,0.1303,-0.1615
newsale,CHUAN PARK,244 LORONG CHUAN,18,19,North East Region,LH,22,2025-10-24,732,872,140,0.191,4,2056860,2141200,2810,2456,603,0.2145,-0.1261
newsale,CHUAN PARK,246 LORONG CHUAN,19,19,North East Region,LH,22,2026-06-29,732,872,140,0.191,12,2064742,2121570,2821,2433,406,0.144,-0.1374
newsale,CHUAN PARK,246 LORONG CHUAN,21,19,North East Region,LH,22,2026-04-20,1389,1679,291,0.209,7,3800467,3871280,2737,2305,244,0.089,-0.1577
newsale,CHUAN PARK,246 LORONG CHUAN,22,19,North East Region,LH,22,2024-11-10,1550,1841,291,0.187,8,4114925,4309005,2655,2341,668,0.2516,-0.1182
newsale,CHUAN PARK,246 LORONG CHUAN,24,19,North East Region,LH,22,2025-01-09,743,883,140,0.188,17,2079053,2150000,2799,2436,507,0.1811,-0.1298
newsale,CHUAN PARK,246 LORONG CHUAN,25,19,North East Region,LH,22,2024-11-10,936,1119,183,0.195,20,2592398,2637615,2768,2356,247,0.0893,-0.1489
newsale,CHUAN PARK,246 LORONG CHUAN,26,19,North East Region,LH,22,2026-03-06,1206,1496,291,0.241,5,3345368,3439814,2775,2299,325,0.1171,-0.1715
newsale,CHUAN PARK,248 LORONG CHUAN,29,19,North East Region,LH,19,2026-05-03,732,872,140,0.191,3,2035233,2097580,2781,2406,446,0.1602,-0.1348
newsale,CHUAN PARK,248 LORONG CHUAN,33,19,North East Region,LH,19,2024-11-10,743,883,140,0.188,15,2019780,2072823,2719,2348,379,0.1394,-0.1364
newsale,CHUAN PARK,248 LORONG CHUAN,34,19,North East Region,LH,19,2025-03-22,936,1119,183,0.195,18,2534879,2684900,2707,2398,820,0.3029,-0.114
newsale,CHUAN PARK,248 LORONG CHUAN,35,19,North East Region,LH,19,2024-11-10,1335,1615,280,0.21,17,3550194,3663977,2660,2269,407,0.1529,-0.1468
newsale,CHUAN PARK,250 LORONG CHUAN,38,19,North East Region,LH,19,2024-11-11,1335,1615,280,0.21,18,3531706,3700617,2646,2292,604,0.2281,-0.1338
newsale,CHUAN PARK,250 LORONG CHUAN,39,19,North East Region,LH,19,2025-05-10,936,1119,183,0.195,18,2457710,2654000,2624,2371,1073,0.4087,-0.0967
newsale,CHUAN PARK,250 LORONG CHUAN,44,19,North East Region,LH,19,2026-06-23,732,872,140,0.191,3,2031826,2108000,2776,2418,544,0.1961,-0.129
newsale,FOREST WOODS,11 LORONG LEW LIAN,20,19,North East Region,LH,12,2017-03-13,753,840,86,0.114,11,1137300,1176000,1509,1401,449,0.2978,-0.072
newsale,FOREST WOODS,11 LORONG LEW LIAN,21,19,North East Region,LH,12,2016-10-08,603,689,86,0.143,11,867664,895000,1439,1299,317,0.2205,-0.0974
newsale,FOREST WOODS,11 LORONG LEW LIAN,23,19,North East Region,LH,12,2016-10-08,657,743,86,0.131,10,935126,964000,1424,1298,335,0.2354,-0.0887
newsale,FOREST WOODS,15 LORONG LEW LIAN,25,19,North East Region,LH,12,2017-10-29,732,872,140,0.191,9,1100232,1252000,1503,1436,1085,0.7216,-0.0447
newsale,FOREST WOODS,15 LORONG LEW LIAN,26,19,North East Region,LH,12,2016-10-15,732,904,172,0.235,6,1040384,1113000,1421,1231,422,0.2966,-0.134
newsale,FOREST WOODS,15 LORONG LEW LIAN,28,19,North East Region,LH,12,2016-10-15,667,786,118,0.177,10,949790,992000,1423,1262,357,0.2505,-0.1129
newsale,FOREST WOODS,15 LORONG LEW LIAN,29,19,North East Region,LH,12,2016-10-08,947,1109,161,0.17,4,1297256,1336000,1370,1205,240,0.1752,-0.1201
newsale,FOREST WOODS,15 LORONG LEW LIAN,30,19,North East Region,LH,12,2016-11-06,990,1173,183,0.185,10,1434372,1492000,1448,1272,315,0.2174,-0.1221
newsale,FOREST WOODS,15 LORONG LEW LIAN,31,19,North East Region,LH,12,2016-10-08,721,840,118,0.164,10,1093536,1128000,1516,1344,291,0.192,-0.1139
newsale,FOREST WOODS,17 LORONG LEW LIAN,32,19,North East Region,LH,12,2016-10-08,635,753,118,0.186,9,904240,939000,1424,1246,294,0.2062,-0.1247
newsale,FOREST WOODS,17 LORONG LEW LIAN,33,19,North East Region,LH,12,2017-06-07,1249,1475,226,0.181,4,1694388,1787000,1357,1212,410,0.3019,-0.107
newsale,FOREST WOODS,17 LORONG LEW LIAN,36,19,North East Region,LH,12,2016-10-08,635,753,118,0.186,10,935126,971000,1472,1289,303,0.2058,-0.1248
newsale,FOREST WOODS,17 LORONG LEW LIAN,37,19,North East Region,LH,12,2017-02-20,969,1130,161,0.167,10,1404076,1456000,1449,1288,322,0.2219,-0.1112
newsale,FOREST WOODS,17 LORONG LEW LIAN,38,19,North East Region,LH,12,2018-02-03,926,1098,172,0.186,8,1467470,1475000,1585,1343,44,0.0276,-0.1525
newsale,FOREST WOODS,17 LORONG LEW LIAN,39,19,North East Region,LH,12,2016-10-08,721,840,118,0.164,9,1026088,1060000,1423,1263,286,0.2013,-0.1126
newsale,FOREST WOODS,19 LORONG LEW LIAN,42,19,North East Region,LH,12,2017-07-09,915,1066,151,0.165,9,1274064,1343000,1393,1260,457,0.3285,-0.095
newsale,FOREST WOODS,19 LORONG LEW LIAN,43,19,North East Region,LH,12,2016-10-08,635,753,118,0.186,9,886380,921000,1396,1222,292,0.2095,-0.1242
newsale,FOREST WOODS,19 LORONG LEW LIAN,44,19,North East Region,LH,12,2016-11-06,667,786,118,0.177,10,930848,973000,1395,1238,356,0.2552,-0.1122
newsale,FOREST WOODS,19 LORONG LEW LIAN,45,19,North East Region,LH,12,2016-10-23,1023,1184,161,0.158,7,1390488,1440000,1360,1216,307,0.2255,-0.1056
newsale,FOREST WOODS,19 LORONG LEW LIAN,46,19,North East Region,LH,12,2016-10-08,904,1044,140,0.155,9,1267968,1307000,1402,1252,279,0.1989,-0.1074
newsale,FOREST WOODS,9 LORONG LEW LIAN,01,19,North East Region,LH,12,2016-10-12,657,775,118,0.18,9,935736,977000,1425,1261,348,0.2445,-0.1154
newsale,FOREST WOODS,9 LORONG LEW LIAN,02,19,North East Region,LH,12,2017-11-26,915,1066,151,0.165,9,1275120,1454000,1394,1364,1187,0.8517,-0.021
newsale,FOREST WOODS,9 LORONG LEW LIAN,03,19,North East Region,LH,12,2017-04-25,1249,1475,226,0.181,6,1804784,1889000,1445,1281,373,0.2577,-0.1138
newsale,FOREST WOODS,9 LORONG LEW LIAN,04,19,North East Region,LH,12,2016-10-08,721,840,118,0.164,10,1093536,1128000,1516,1344,291,0.192,-0.1139
newsale,FOREST WOODS,9 LORONG LEW LIAN,07,19,North East Region,LH,12,2016-10-08,936,1130,194,0.207,7,1277136,1329000,1364,1176,268,0.1963,-0.1378
newsale,FOREST WOODS,9 LORONG LEW LIAN,08,19,North East Region,LH,12,2017-02-17,743,850,108,0.145,9,1056640,1084000,1423,1275,254,0.1787,-0.104
newsale,FOREST WOODS,9A LORONG LEW LIAN,09,19,North East Region,LH,12,2017-04-29,904,1076,172,0.19,10,1302414,1387000,1440,1289,491,0.341,-0.1054
newsale,FOREST WOODS,9A LORONG LEW LIAN,11,19,North East Region,LH,12,2017-02-26,980,1152,172,0.176,10,1385962,1431000,1415,1242,261,0.1848,-0.1219
newsale,FOREST WOODS,9A LORONG LEW LIAN,12,19,North East Region,LH,12,2016-11-18,980,1152,172,0.176,10,1366930,1416000,1396,1229,285,0.2042,-0.119
newsale,FOREST WOODS,9B LORONG LEW LIAN,13,19,North East Region,LH,12,2017-12-03,915,1066,151,0.165,8,1273852,1466000,1392,1376,1275,0.9158,-0.0119
newsale,FOREST WOODS,9B LORONG LEW LIAN,14,19,North East Region,LH,12,2017-08-13,732,872,140,0.191,8,1072968,1252000,1466,1436,1279,0.8728,-0.0204
newsale,FOREST WOODS,9B LORONG LEW LIAN,17,19,North East Region,LH,12,2016-10-08,915,1066,151,0.165,10,1318878,1360000,1441,1276,273,0.1893,-0.1146
newsale,FOREST WOODS,9B LORONG LEW LIAN,18,19,North East Region,LH,12,2017-12-03,915,1066,151,0.165,5,1285200,1495000,1405,1403,1392,0.9911,-0.0013
newsale,FORETT@BUKIT TIMAH,32 TOH TUCK ROAD,01,21,Central Region,FH,5,2022-06-13,1033,1195,161,0.156,3,2176672,2405000,2106,2013,1414,0.6713,-0.0444
newsale,FORETT@BUKIT TIMAH,32 TOH TUCK ROAD,04,21,Central Region,FH,5,2022-05-22,980,1163,183,0.187,3,2119128,2181000,2163,1876,338,0.1563,-0.1328
newsale,FORETT@BUKIT TIMAH,32 TOH TUCK ROAD,06,21,Central Region,FH,5,2022-07-27,947,1119,172,0.182,3,1948464,2128000,2057,1901,1042,0.5068,-0.0759
newsale,FORETT@BUKIT TIMAH,32A TOH TUCK ROAD,07,21,Central Region,FH,5,2022-05-02,1076,1324,248,0.23,3,2391984,2575000,2222,1945,739,0.3327,-0.1248
newsale,FORETT@BUKIT TIMAH,32A TOH TUCK ROAD,11,21,Central Region,FH,5,2022-07-17,743,893,151,0.203,3,1572480,1715000,2117,1920,946,0.4467,-0.0933
newsale,FORETT@BUKIT TIMAH,32A TOH TUCK ROAD,12,21,Central Region,FH,5,2022-03-27,980,1163,183,0.187,4,2049204,2166000,2092,1863,638,0.3051,-0.1094
newsale,FORETT@BUKIT TIMAH,32B TOH TUCK ROAD,13,21,Central Region,FH,9,2020-09-21,721,861,140,0.194,8,1432316,1541000,1986,1790,777,0.3911,-0.0989
newsale,FORETT@BUKIT TIMAH,32B TOH TUCK ROAD,14,21,Central Region,FH,9,2020-08-23,474,624,151,0.318,8,965310,1044000,2038,1672,522,0.2562,-0.1795
newsale,FORETT@BUKIT TIMAH,32B TOH TUCK ROAD,17,21,Central Region,FH,9,2021-01-16,764,915,151,0.197,7,1557420,1668000,2038,1823,734,0.3601,-0.1054
newsale,FORETT@BUKIT TIMAH,32B TOH TUCK ROAD,18,21,Central Region,FH,9,2020-10-30,764,915,151,0.197,8,1567428,1668000,2051,1823,667,0.3254,-0.1111
newsale,FORETT@BUKIT TIMAH,32B TOH TUCK ROAD,21,21,Central Region,FH,9,2021-06-21,570,700,129,0.226,8,1204135,1365000,2111,1951,1245,0.59,-0.0757
newsale,FORETT@BUKIT TIMAH,32B TOH TUCK ROAD,22,21,Central Region,FH,9,2020-11-24,980,1152,172,0.176,8,1945400,2038000,1986,1769,538,0.2707,-0.1091
newsale,FORETT@BUKIT TIMAH,34A TOH TUCK ROAD,33,21,Central Region,FH,9,2020-08-09,721,861,140,0.194,8,1406352,1489000,1950,1729,591,0.3029,-0.1133
newsale,FORETT@BUKIT TIMAH,34A TOH TUCK ROAD,34,21,Central Region,FH,9,2021-01-23,474,624,151,0.318,8,940468,1058000,1986,1695,780,0.3928,-0.1466
newsale,FORETT@BUKIT TIMAH,34A TOH TUCK ROAD,35,21,Central Region,FH,9,2021-10-29,474,624,151,0.318,8,1034278,1157000,2184,1853,814,0.3729,-0.1514
newsale,FORETT@BUKIT TIMAH,34A TOH TUCK ROAD,38,21,Central Region,FH,9,2020-11-09,1356,1615,258,0.19,8,2641050,2836000,1947,1756,755,0.3875,-0.098
newsale,FORETT@BUKIT TIMAH,34A TOH TUCK ROAD,39,21,Central Region,FH,9,2022-03-21,1087,1313,226,0.208,3,2370504,2583000,2180,1967,940,0.4311,-0.0979
newsale,FORETT@BUKIT TIMAH,34A TOH TUCK ROAD,42,21,Central Region,FH,9,2020-08-08,570,700,129,0.226,8,1140148,1238000,1999,1769,758,0.379,-0.1146
newsale,FORETT@BUKIT TIMAH,34B TOH TUCK ROAD,45,21,Central Region,FH,9,2021-03-31,721,861,140,0.194,8,1407800,1542250,1952,1791,961,0.4922,-0.0825
newsale,FORETT@BUKIT TIMAH,34B TOH TUCK ROAD,46,21,Central Region,FH,9,2021-03-24,474,624,151,0.318,8,891250,1053000,1882,1687,1073,0.5704,-0.1037
newsale,FORETT@BUKIT TIMAH,34B TOH TUCK ROAD,47,21,Central Region,FH,9,2021-03-31,474,624,151,0.318,8,919932,1052710,1942,1686,881,0.4536,-0.1319
newsale,FORETT@BUKIT TIMAH,34B TOH TUCK ROAD,50,21,Central Region,FH,9,2020-08-07,753,904,151,0.2,7,1461008,1581000,1939,1749,796,0.4106,-0.0982
newsale,FORETT@BUKIT TIMAH,34B TOH TUCK ROAD,53,21,Central Region,FH,9,2021-08-01,570,700,129,0.226,3,1196496,1359000,2097,1942,1258,0.5998,-0.0739
newsale,FORETT@BUKIT TIMAH,34B TOH TUCK ROAD,54,21,Central Region,FH,9,2021-08-30,969,1141,172,0.178,8,2024084,2260000,2089,1981,1370,0.6556,-0.052
newsale,FORETT@BUKIT TIMAH,36 TOH TUCK ROAD,55,21,Central Region,FH,5,2022-08-27,764,926,161,0.211,3,1609776,1787000,2106,1930,1098,0.5211,-0.0835
newsale,FORETT@BUKIT TIMAH,36 TOH TUCK ROAD,57,21,Central Region,FH,5,2020-10-04,947,1119,172,0.182,4,1782564,1908000,1882,1704,728,0.387,-0.0943
newsale,FORETT@BUKIT TIMAH,36 TOH TUCK ROAD,58,21,Central Region,FH,5,2021-02-16,1055,1302,248,0.235,4,2034122,2233000,1928,1714,803,0.4166,-0.1109
newsale,FORETT@BUKIT TIMAH,36 TOH TUCK ROAD,59,21,Central Region,FH,5,2020-08-08,732,904,172,0.235,4,1427118,1529000,1950,1691,592,0.3034,-0.1327
newsale,FORETT@BUKIT TIMAH,36 TOH TUCK ROAD,60,21,Central Region,FH,5,2021-05-16,1302,1582,280,0.215,4,2440150,2666000,1874,1685,807,0.4307,-0.1007
newsale,FORETT@BUKIT TIMAH,36A TOH TUCK ROAD,61,21,Central Region,FH,5,2020-12-19,980,1163,183,0.187,4,1873644,1982000,1913,1705,592,0.3096,-0.1087
newsale,FORETT@BUKIT TIMAH,36A TOH TUCK ROAD,63,21,Central Region,FH,5,2020-11-08,1033,1195,161,0.156,4,1952180,2072000,1889,1734,742,0.3928,-0.0821
newsale,FORETT@BUKIT TIMAH,36A TOH TUCK ROAD,64,21,Central Region,FH,5,2021-03-18,947,1119,172,0.182,4,1866994,1976000,1971,1765,633,0.3211,-0.1044
newsale,FORETT@BUKIT TIMAH,36A TOH TUCK ROAD,66,21,Central Region,FH,5,2020-08-08,980,1163,183,0.187,4,1921504,2007000,1962,1726,467,0.2382,-0.1199
newsale,FORETT@BUKIT TIMAH,36B TOH TUCK ROAD,69,21,Central Region,FH,5,2021-07-13,1033,1195,161,0.156,4,2199768,2255000,2129,1887,342,0.1607,-0.1134
newsale,FORETT@BUKIT TIMAH,36B TOH TUCK ROAD,70,21,Central Region,FH,5,2021-04-27,947,1119,172,0.182,4,1822844,1985000,1924,1773,942,0.4892,-0.0786
newsale,FORETT@BUKIT TIMAH,36B TOH TUCK ROAD,71,21,Central Region,FH,5,2022-05-27,743,893,151,0.203,3,1629492,1746000,2194,1954,773,0.3524,-0.1092
newsale,FORETT@BUKIT TIMAH,36B TOH TUCK ROAD,72,21,Central Region,FH,5,2021-09-05,1302,1582,280,0.215,3,2540160,2913000,1950,1841,1332,0.6831,-0.0561
newsale,FORETT@BUKIT TIMAH,38 TOH TUCK ROAD,73,21,Central Region,FH,5,2021-07-27,1109,1356,248,0.223,4,2270094,2438000,2048,1798,678,0.3312,-0.1221
newsale,FORETT@BUKIT TIMAH,38 TOH TUCK ROAD,74,21,Central Region,FH,5,2021-03-31,732,904,172,0.235,4,1443278,1560000,1972,1725,678,0.3437,-0.125
newsale,FORETT@BUKIT TIMAH,38 TOH TUCK ROAD,75,21,Central Region,FH,5,2020-08-08,1281,1561,280,0.218,4,2423442,2570000,1892,1647,524,0.2768,-0.1297
newsale,FORETT@BUKIT TIMAH,38 TOH TUCK ROAD,76,21,Central Region,FH,5,2020-08-09,947,1119,172,0.182,4,1851030,1947000,1954,1739,557,0.2851,-0.11
newsale,FORETT@BUKIT TIMAH,38 TOH TUCK ROAD,78,21,Central Region,FH,5,2021-05-26,1302,1572,269,0.207,3,2759904,2780000,2119,1769,75,0.0352,-0.1652
newsale,FORETT@BUKIT TIMAH,38A TOH TUCK ROAD,79,21,Central Region,FH,5,2021-08-03,1302,1582,280,0.215,4,2764640,2885000,2123,1823,430,0.2026,-0.141
newsale,FORETT@BUKIT TIMAH,38A TOH TUCK ROAD,82,21,Central Region,FH,5,2021-04-02,980,1163,183,0.187,4,1860420,1987000,1899,1709,692,0.3642,-0.1001
newsale,FORETT@BUKIT TIMAH,38A TOH TUCK ROAD,84,21,Central Region,FH,5,2021-09-27,947,1119,172,0.182,4,1933682,2044000,2041,1826,641,0.3138,-0.1056
newsale,FORETT@BUKIT TIMAH,38B TOH TUCK ROAD,85,21,Central Region,FH,5,2021-10-25,1302,1582,280,0.215,3,2708112,2870000,2079,1814,578,0.2782,-0.1277
newsale,FORETT@BUKIT TIMAH,38B TOH TUCK ROAD,88,21,Central Region,FH,5,2021-08-06,947,1119,172,0.182,4,1905354,2004000,2012,1790,573,0.2847,-0.11
newsale,FORETT@BUKIT TIMAH,38B TOH TUCK ROAD,90,21,Central Region,FH,5,2020-08-08,980,1163,183,0.187,4,1852222,1927000,1891,1658,409,0.2161,-0.1234
newsale,FORETT@BUKIT TIMAH,40 TOH TUCK ROAD,91,21,Central Region,FH,5,2022-07-31,1033,1195,161,0.156,4,2320462,2428000,2246,2032,666,0.2966,-0.0951
newsale,FORETT@BUKIT TIMAH,40 TOH TUCK ROAD,96,21,Central Region,FH,5,2021-11-25,947,1119,172,0.182,3,1814400,2022000,1915,1806,1205,0.6293,-0.057
newsale,FULCRUM,33 FORT ROAD,04,15,Central Region,FH,19,2016-03-30,474,678,205,0.432,3,958664,1499465,2024,2211,2644,1.3064,0.0924
newsale,GRAND DUNMAN,10 DUNMAN ROAD,30,15,Central Region,LH,18,2023-11-19,452,581,129,0.286,17,1238020,1376000,2738,2367,1068,0.3901,-0.1355
newsale,GRAND DUNMAN,10 DUNMAN ROAD,36,15,Central Region,LH,18,2025-02-18,1098,1302,205,0.186,13,2844476,2973000,2591,2283,628,0.2426,-0.1189
newsale,GRAND DUNMAN,12 DUNMAN ROAD,45,15,Central Region,LH,18,2025-05-31,1055,1238,183,0.173,11,2761140,2882000,2618,2328,660,0.2523,-0.1105
newsale,GRAND DUNMAN,16 DUNMAN ROAD,51,15,Central Region,LH,18,2023-07-16,667,893,226,0.339,16,1742386,1916000,2611,2145,768,0.2942,-0.1786
newsale,GRAND DUNMAN,2 DUNMAN ROAD,02,15,Central Region,LH,18,2026-01-22,1927,2314,388,0.201,10,4609320,4834000,2392,2089,580,0.2424,-0.1269
newsale,GRAND DUNMAN,2 DUNMAN ROAD,03,15,Central Region,LH,18,2025-08-06,1475,1819,344,0.234,13,3626000,3857000,2459,2120,671,0.2727,-0.1377
newsale,GRAND DUNMAN,2 DUNMAN ROAD,04,15,Central Region,LH,18,2025-08-24,1787,2153,366,0.205,12,4693778,4869000,2627,2262,479,0.1823,-0.139
newsale,GRAND DUNMAN,2 DUNMAN ROAD,05,15,Central Region,LH,18,2026-04-19,2131,2497,366,0.172,12,5419956,5616000,2543,2249,536,0.2106,-0.1157
newsale,GRAND DUNMAN,2 DUNMAN ROAD,06,15,Central Region,LH,18,2025-08-15,1475,1819,344,0.234,12,3887052,4144000,2636,2278,746,0.283,-0.1358
newsale,GRAND DUNMAN,6 DUNMAN ROAD,13,15,Central Region,LH,18,2025-11-02,1044,1227,183,0.175,15,2745788,2890000,2630,2355,788,0.2997,-0.1044
newsale,GRAND DUNMAN,6 DUNMAN ROAD,14,15,Central Region,LH,18,2023-08-09,1119,1335,215,0.192,17,2849600,2980000,2546,2233,606,0.238,-0.1229
newsale,GRAND DUNMAN,6 DUNMAN ROAD,15,15,Central Region,LH,18,2023-07-15,775,1012,237,0.306,16,1949478,2133000,2515,2108,775,0.3081,-0.1619
newsale,GRAND DUNMAN,6 DUNMAN ROAD,16,15,Central Region,LH,18,2023-07-16,775,1001,226,0.292,17,1951040,2124000,2517,2122,765,0.3039,-0.1572
newsale,GRAND DUNMAN,6 DUNMAN ROAD,17,15,Central Region,LH,18,2025-07-22,1292,1518,226,0.175,9,3467520,3604000,2685,2375,604,0.2249,-0.1154
newsale,GRAND DUNMAN,6 DUNMAN ROAD,18,15,Central Region,LH,18,2023-10-31,958,1163,205,0.213,15,2391360,2557000,2496,2200,810,0.3245,-0.1188
newsale,GRAND DUNMAN,6 DUNMAN ROAD,19,15,Central Region,LH,18,2023-10-17,452,581,129,0.286,17,1226624,1364000,2713,2347,1064,0.392,-0.1351
newsale,GRAND DUNMAN,8 DUNMAN ROAD,22,15,Central Region,LH,18,2023-07-15,452,581,129,0.286,17,1226624,1349000,2713,2321,947,0.3492,-0.1446
newsale,GRANDEUR PARK RESIDENCES,1 BEDOK SOUTH AVENUE 3,01,16,East Region,LH,15,2017-04-09,624,904,280,0.448,13,982472,1068000,1574,1181,306,0.1942,-0.2494
newsale,GRANDEUR PARK RESIDENCES,1 BEDOK SOUTH AVENUE 3,02,16,East Region,LH,15,2017-04-01,581,850,269,0.463,12,911110,1003000,1567,1180,341,0.2178,-0.2475
newsale,GRANDEUR PARK RESIDENCES,1 BEDOK SOUTH AVENUE 3,03,16,East Region,LH,15,2017-03-06,581,850,269,0.463,14,893568,977000,1537,1149,310,0.2017,-0.2526
newsale,GRANDEUR PARK RESIDENCES,1 BEDOK SOUTH AVENUE 3,04,16,East Region,LH,15,2017-03-12,624,883,258,0.414,14,896960,979000,1437,1109,318,0.221,-0.228
newsale,GRANDEUR PARK RESIDENCES,1 BEDOK SOUTH AVENUE 3,05,16,East Region,LH,15,2017-03-12,624,883,258,0.414,7,904240,978000,1448,1108,286,0.1971,-0.235
newsale,GRANDEUR PARK RESIDENCES,1 BEDOK SOUTH AVENUE 3,06,16,East Region,LH,15,2017-03-14,549,850,301,0.549,11,803760,892000,1464,1049,293,0.2,-0.2836
newsale,GRANDEUR PARK RESIDENCES,1 BEDOK SOUTH AVENUE 3,10,16,East Region,LH,15,2017-03-15,549,850,301,0.549,11,819200,909000,1492,1069,298,0.1997,-0.2837
newsale,GRANDEUR PARK RESIDENCES,1 BEDOK SOUTH AVENUE 3,14,16,East Region,LH,15,2017-06-18,624,904,280,0.448,10,1010940,1096000,1619,1212,304,0.1877,-0.2514
newsale,GRANDEUR PARK RESIDENCES,11 BEDOK SOUTH AVENUE 3,43,16,East Region,LH,15,2017-03-11,570,872,301,0.528,14,755220,846000,1324,970,301,0.2275,-0.267
newsale,GRANDEUR PARK RESIDENCES,11 BEDOK SOUTH AVENUE 3,45,16,East Region,LH,15,2017-03-16,883,1130,248,0.28,14,1209236,1199000,1370,1061,-41,-0.0302,-0.2257
newsale,GRANDEUR PARK RESIDENCES,11 BEDOK SOUTH AVENUE 3,46,16,East Region,LH,15,2017-03-04,883,1130,248,0.28,14,1232788,1335000,1397,1181,413,0.2956,-0.1543
newsale,GRANDEUR PARK RESIDENCES,11 BEDOK SOUTH AVENUE 3,47,16,East Region,LH,15,2017-03-04,592,840,248,0.418,14,857588,968000,1449,1153,446,0.3079,-0.2041
newsale,GRANDEUR PARK RESIDENCES,11 BEDOK SOUTH AVENUE 3,48,16,East Region,LH,15,2017-03-07,452,689,237,0.524,14,677988,772000,1500,1121,397,0.2647,-0.2528
newsale,GRANDEUR PARK RESIDENCES,11 BEDOK SOUTH AVENUE 3,49,16,East Region,LH,15,2017-03-06,452,689,237,0.524,14,679800,772000,1504,1121,389,0.2589,-0.2547
newsale,GRANDEUR PARK RESIDENCES,11 BEDOK SOUTH AVENUE 3,50,16,East Region,LH,15,2017-03-04,592,840,248,0.418,14,834002,941000,1409,1121,432,0.3068,-0.2044
newsale,GRANDEUR PARK RESIDENCES,11 BEDOK SOUTH AVENUE 3,51,16,East Region,LH,15,2017-03-04,883,1130,248,0.28,12,1162042,1241000,1317,1098,319,0.2423,-0.166
newsale,GRANDEUR PARK RESIDENCES,11 BEDOK SOUTH AVENUE 3,53,16,East Region,LH,15,2017-03-12,549,850,301,0.549,13,767712,857000,1398,1008,296,0.2118,-0.2794
newsale,GRANDEUR PARK RESIDENCES,3 BEDOK SOUTH AVENUE 3,15,16,East Region,LH,14,2017-03-04,560,850,291,0.519,10,788980,874000,1410,1028,293,0.2075,-0.2708
newsale,GRANDEUR PARK RESIDENCES,3 BEDOK SOUTH AVENUE 3,16,16,East Region,LH,14,2017-06-29,893,1141,248,0.277,9,1203600,1246000,1347,1092,171,0.1271,-0.1894
newsale,GRANDEUR PARK RESIDENCES,3 BEDOK SOUTH AVENUE 3,17,16,East Region,LH,14,2017-06-02,893,1141,248,0.277,10,1166608,1245000,1306,1091,317,0.2425,-0.1644
newsale,GRANDEUR PARK RESIDENCES,3 BEDOK SOUTH AVENUE 3,18,16,East Region,LH,14,2017-04-04,667,904,237,0.355,11,984300,1064000,1475,1177,337,0.2282,-0.2021
newsale,GRANDEUR PARK RESIDENCES,3 BEDOK SOUTH AVENUE 3,19,16,East Region,LH,14,2017-03-04,667,904,237,0.355,11,980220,1061000,1469,1173,341,0.2322,-0.2011
newsale,GRANDEUR PARK RESIDENCES,3 BEDOK SOUTH AVENUE 3,20,16,East Region,LH,14,2017-03-04,893,1141,248,0.277,12,1241214,1323000,1389,1160,330,0.2378,-0.1654
newsale,GRANDEUR PARK RESIDENCES,3 BEDOK SOUTH AVENUE 3,21,16,East Region,LH,14,2017-05-15,893,1141,248,0.277,4,1167768,1247000,1307,1093,320,0.2448,-0.1639
newsale,GRANDEUR PARK RESIDENCES,5 BEDOK SOUTH AVENUE 3,23,16,East Region,LH,14,2017-03-04,1453,1744,291,0.2,3,1899920,1976000,1307,1133,262,0.2002,-0.1333
newsale,GRANDEUR PARK RESIDENCES,5 BEDOK SOUTH AVENUE 3,24,16,East Region,LH,14,2017-03-05,1453,1744,291,0.2,8,1956102,2030000,1346,1164,254,0.1889,-0.1352
newsale,GRANDEUR PARK RESIDENCES,5 BEDOK SOUTH AVENUE 3,25,16,East Region,LH,14,2017-05-03,1453,1744,291,0.2,6,1940136,2013000,1335,1154,251,0.1878,-0.1354
newsale,GRANDEUR PARK RESIDENCES,7 BEDOK SOUTH AVENUE 3,28,16,East Region,LH,14,2017-03-04,1238,1507,269,0.217,10,1693942,1790000,1368,1188,357,0.2609,-0.132
newsale,GRANDEUR PARK RESIDENCES,7 BEDOK SOUTH AVENUE 3,29,16,East Region,LH,14,2017-05-03,980,1216,237,0.242,13,1401120,1480000,1430,1217,333,0.2329,-0.1494
newsale,GRANDEUR PARK RESIDENCES,7 BEDOK SOUTH AVENUE 3,30,16,East Region,LH,14,2017-08-07,667,904,237,0.355,13,984824,1070000,1476,1183,360,0.2437,-0.1981
newsale,GRANDEUR PARK RESIDENCES,7 BEDOK SOUTH AVENUE 3,31,16,East Region,LH,14,2017-08-27,667,904,237,0.355,12,973280,1150000,1458,1272,746,0.5117,-0.1279
newsale,GRANDEUR PARK RESIDENCES,7 BEDOK SOUTH AVENUE 3,32,16,East Region,LH,14,2017-03-04,969,1238,269,0.278,10,1316030,1399000,1358,1130,308,0.227,-0.1681
newsale,GRANDEUR PARK RESIDENCES,7 BEDOK SOUTH AVENUE 3,33,16,East Region,LH,14,2017-03-04,969,1206,237,0.244,12,1384800,1489000,1429,1235,440,0.3078,-0.136
newsale,GRANDEUR PARK RESIDENCES,7 BEDOK SOUTH AVENUE 3,34,16,East Region,LH,14,2017-03-04,560,850,291,0.519,13,843144,960000,1506,1129,402,0.2669,-0.2505
newsale,GRANDEUR PARK RESIDENCES,9 BEDOK SOUTH AVENUE 3,35,16,East Region,LH,15,2017-03-04,560,850,291,0.519,12,831052,951000,1485,1118,413,0.278,-0.2468
newsale,GRANDEUR PARK RESIDENCES,9 BEDOK SOUTH AVENUE 3,36,16,East Region,LH,15,2017-03-06,893,1141,248,0.277,13,1234944,1345000,1382,1179,445,0.3216,-0.1472
newsale,GRANDEUR PARK RESIDENCES,9 BEDOK SOUTH AVENUE 3,37,16,East Region,LH,15,2017-08-06,1130,1399,269,0.238,13,1678992,1720000,1486,1229,152,0.1026,-0.1726
newsale,GRANDEUR PARK RESIDENCES,9 BEDOK SOUTH AVENUE 3,38,16,East Region,LH,15,2017-03-12,667,904,237,0.355,7,1025100,1106000,1536,1223,342,0.2224,-0.2037
newsale,GRANDEUR PARK RESIDENCES,9 BEDOK SOUTH AVENUE 3,39,16,East Region,LH,15,2017-08-31,667,904,237,0.355,14,1155866,1098000,1732,1214,-244,-0.1411,-0.2989
newsale,GRANDEUR PARK RESIDENCES,9 BEDOK SOUTH AVENUE 3,40,16,East Region,LH,15,2017-07-03,1238,1507,269,0.217,4,1869298,1829000,1510,1214,-150,-0.0992,-0.1963
newsale,GRANDEUR PARK RESIDENCES,9 BEDOK SOUTH AVENUE 3,41,16,East Region,LH,15,2017-03-24,1130,1399,269,0.238,12,1577856,1681000,1396,1201,383,0.2746,-0.1395
newsale,GRANGE 1866,74 GRANGE ROAD,02,10,Central Region,FH,16,2025-08-07,764,926,161,0.211,4,2617039,2809000,3424,3034,1189,0.3472,-0.1139
newsale,GRANGE 1866,74 GRANGE ROAD,03,10,Central Region,FH,16,2024-09-03,818,1012,194,0.237,7,2741168,3024000,3351,2989,1460,0.4356,-0.1081
newsale,HAUS ON HANDY,28 HANDY ROAD,01,09,Central Region,LH,12,2022-06-03,624,764,140,0.224,8,1717204,1988000,2751,2601,1935,0.7036,-0.0543
newsale,HAUS ON HANDY,28 HANDY ROAD,02,09,Central Region,LH,12,2022-07-28,635,764,129,0.203,9,1724152,2002000,2715,2620,2151,0.7924,-0.0351
newsale,HAUS ON HANDY,28 HANDY ROAD,03,09,Central Region,LH,12,2022-10-19,517,624,108,0.208,7,1416192,1619000,2741,2593,1884,0.6874,-0.0539
newsale,HAUS ON HANDY,28 HANDY ROAD,04,09,Central Region,LH,12,2022-06-27,463,570,108,0.233,7,1259520,1467000,2721,2571,1928,0.7083,-0.055
newsale,HAUS ON HANDY,28 HANDY ROAD,06,09,Central Region,LH,12,2022-11-06,517,624,108,0.208,7,1416192,1619000,2741,2593,1884,0.6874,-0.0539
newsale,HAUS ON HANDY,28 HANDY ROAD,07,09,Central Region,LH,12,2022-10-18,517,624,108,0.208,4,1397706,1619000,2705,2593,2056,0.76,-0.0414
newsale,HAUS ON HANDY,28 HANDY ROAD,08,09,Central Region,LH,12,2023-02-15,969,1141,172,0.178,8,2749172,3252000,2838,2850,2920,1.0288,0.0044
newsale,HAUS ON HANDY,28 HANDY ROAD,09,09,Central Region,LH,12,2022-11-19,947,1119,172,0.182,8,2682422,3014000,2832,2692,1925,0.6798,-0.0493
newsale,HAUS ON HANDY,28 HANDY ROAD,10,09,Central Region,LH,12,2023-03-14,678,850,172,0.254,7,1918208,2256000,2829,2653,1961,0.6934,-0.0621
newsale,HAUS ON HANDY,28 HANDY ROAD,11,09,Central Region,LH,12,2023-03-30,614,743,129,0.211,4,1707690,1981000,2783,2667,2116,0.7602,-0.0417
newsale,HAUS ON HANDY,28 HANDY ROAD,12,09,Central Region,LH,12,2023-03-30,624,743,118,0.19,5,1756664,1990000,2814,2679,1971,0.7003,-0.0478
newsale,HAUS ON HANDY,28 HANDY ROAD,13,09,Central Region,LH,12,2023-03-09,743,926,183,0.246,6,2071532,2415000,2789,2609,1877,0.673,-0.0646
newsale,HIGH PARK RESIDENCES,21 FERNVALE ROAD,02,28,North East Region,LH,24,2015-07-17,1367,1647,280,0.205,21,1262840,1316000,924,799,190,0.2056,-0.135
newsale,HIGH PARK RESIDENCES,21 FERNVALE ROAD,04,28,North East Region,LH,24,2015-11-07,667,936,269,0.403,21,709920,794000,1064,848,312,0.2937,-0.203
newsale,HIGH PARK RESIDENCES,21 FERNVALE ROAD,05,28,North East Region,LH,24,2015-10-04,678,947,269,0.397,22,673328,766000,993,809,344,0.3468,-0.1856
newsale,HIGH PARK RESIDENCES,21 FERNVALE ROAD,06,28,North East Region,LH,24,2015-09-13,872,1109,237,0.272,22,855672,935000,981,843,335,0.3413,-0.1407
newsale,HIGH PARK RESIDENCES,21 FERNVALE ROAD,07,28,North East Region,LH,24,2015-10-28,990,1238,248,0.25,21,935480,1021000,945,825,345,0.3657,-0.1269
newsale,HIGH PARK RESIDENCES,23 FERNVALE ROAD,10,28,North East Region,LH,23,2015-07-18,1152,1432,280,0.243,21,1052672,1129000,914,789,273,0.2984,-0.1372
newsale,HIGH PARK RESIDENCES,23 FERNVALE ROAD,11,28,North East Region,LH,23,2015-07-18,1152,1432,280,0.243,18,1110636,1187000,964,829,273,0.283,-0.1402
newsale,HIGH PARK RESIDENCES,23 FERNVALE ROAD,12,28,North East Region,LH,23,2015-10-01,667,936,269,0.403,20,721012,806000,1080,861,316,0.2923,-0.2034
newsale,HIGH PARK RESIDENCES,23 FERNVALE ROAD,13,28,North East Region,LH,23,2016-04-17,678,947,269,0.397,7,733184,828112,1081,874,353,0.3263,-0.1914
newsale,HIGH PARK RESIDENCES,23 FERNVALE ROAD,14,28,North East Region,LH,23,2016-07-30,980,1238,258,0.264,15,997476,1086112,1018,877,343,0.3369,-0.1384
newsale,HIGH PARK RESIDENCES,23 FERNVALE ROAD,15,28,North East Region,LH,23,2015-09-06,893,1163,269,0.301,21,824768,921000,923,792,358,0.3874,-0.1418
newsale,HIGH PARK RESIDENCES,25 FERNVALE ROAD,18,28,North East Region,LH,23,2015-07-16,1421,1798,377,0.265,20,1373824,1410380,967,785,97,0.1004,-0.1885
newsale,HIGH PARK RESIDENCES,25 FERNVALE ROAD,19,28,North East Region,LH,23,2015-07-17,1399,1679,280,0.2,20,1254384,1304000,896,777,177,0.1978,-0.1337
newsale,HIGH PARK RESIDENCES,25 FERNVALE ROAD,20,28,North East Region,LH,23,2015-07-17,721,958,237,0.328,20,746590,824000,1035,860,327,0.3158,-0.1691
newsale,HIGH PARK RESIDENCES,25 FERNVALE ROAD,21,28,North East Region,LH,23,2015-07-17,732,969,237,0.324,21,761896,835000,1041,862,309,0.2966,-0.172
newsale,HIGH PARK RESIDENCES,25 FERNVALE ROAD,22,28,North East Region,LH,23,2015-07-17,1227,1550,323,0.263,18,1100796,1185000,897,765,261,0.2907,-0.1478
newsale,HIGH PARK RESIDENCES,25 FERNVALE ROAD,23,28,North East Region,LH,23,2015-07-16,1227,1550,323,0.263,18,1146696,1238000,934,799,283,0.3026,-0.1453
newsale,HIGH PARK RESIDENCES,25 FERNVALE ROAD,24,28,North East Region,LH,23,2015-07-29,700,883,183,0.262,20,773322,817000,1105,926,239,0.216,-0.1625
newsale,HIGH PARK RESIDENCES,27 FERNVALE ROAD,26,28,North East Region,LH,25,2015-11-13,1152,1432,280,0.243,23,1056768,1137000,918,794,287,0.3125,-0.1344
newsale,HIGH PARK RESIDENCES,27 FERNVALE ROAD,27,28,North East Region,LH,25,2015-08-21,947,1184,237,0.25,21,1003808,1071000,1060,905,284,0.2677,-0.1465
newsale,HIGH PARK RESIDENCES,27 FERNVALE ROAD,28,28,North East Region,LH,25,2015-07-17,667,936,269,0.403,22,702382,793000,1052,847,337,0.32,-0.1954
newsale,HIGH PARK RESIDENCES,27 FERNVALE ROAD,29,28,North East Region,LH,25,2015-07-17,678,947,269,0.397,20,756996,843000,1116,890,320,0.2863,-0.2028
newsale,HIGH PARK RESIDENCES,27 FERNVALE ROAD,30,28,North East Region,LH,25,2015-07-17,1399,1679,280,0.2,22,1312100,1369000,938,815,203,0.2168,-0.1305
newsale,HIGH PARK RESIDENCES,27 FERNVALE ROAD,31,28,North East Region,LH,25,2015-10-07,1238,1539,301,0.243,23,1190160,1262000,961,820,238,0.2479,-0.1473
newsale,HIGH PARK RESIDENCES,29 FERNVALE ROAD,34,28,North East Region,LH,25,2016-01-16,872,1130,258,0.296,23,867216,966000,995,855,382,0.3844,-0.1407
newsale,HIGH PARK RESIDENCES,29 FERNVALE ROAD,35,28,North East Region,LH,25,2015-07-17,1442,1819,377,0.261,23,1377036,1458000,955,801,215,0.2251,-0.1605
newsale,HIGH PARK RESIDENCES,29 FERNVALE ROAD,36,28,North East Region,LH,25,2015-09-13,667,936,269,0.403,16,752334,845000,1127,902,344,0.3055,-0.1996
newsale,HIGH PARK RESIDENCES,29 FERNVALE ROAD,37,28,North East Region,LH,25,2015-07-21,678,947,269,0.397,23,718516,803000,1060,848,314,0.2963,-0.1999
newsale,HIGH PARK RESIDENCES,29 FERNVALE ROAD,38,28,North East Region,LH,25,2015-09-27,980,1238,258,0.264,22,912260,1008000,931,814,371,0.3979,-0.1257
newsale,HIGH PARK RESIDENCES,29 FERNVALE ROAD,39,28,North East Region,LH,25,2015-07-20,872,1109,237,0.272,23,813120,895000,933,807,346,0.3707,-0.1344
newsale,HIGH PARK RESIDENCES,31 FERNVALE ROAD,46,28,North East Region,LH,25,2015-07-18,388,581,194,0.5,22,445818,519000,1150,893,378,0.3283,-0.2239
newsale,HIGH PARK RESIDENCES,31 FERNVALE ROAD,47,28,North East Region,LH,25,2015-07-18,398,614,215,0.541,22,454830,552000,1142,900,451,0.3952,-0.2122
newsale,HIGH PARK RESIDENCES,31 FERNVALE ROAD,48,28,North East Region,LH,25,2015-07-17,872,1130,258,0.296,23,805072,873000,923,772,263,0.2848,-0.1635
newsale,HIGH PARK RESIDENCES,31 FERNVALE ROAD,49,28,North East Region,LH,25,2016-11-03,969,1249,280,0.289,13,1044754,1122112,1078,899,276,0.2563,-0.1667
newsale,HIGH PARK RESIDENCES,31 FERNVALE ROAD,50,28,North East Region,LH,25,2015-10-16,570,818,248,0.434,21,656788,747000,1151,913,364,0.3165,-0.2068
newsale,HIGH PARK RESIDENCES,31 FERNVALE ROAD,54,28,North East Region,LH,25,2015-07-27,635,850,215,0.339,23,687960,782000,1083,920,437,0.4032,-0.1511
newsale,HIGH PARK RESIDENCES,31 FERNVALE ROAD,56,28,North East Region,LH,25,2015-08-02,570,818,248,0.434,21,660240,747000,1157,913,350,0.3028,-0.211
newsale,HIGH PARK RESIDENCES,31 FERNVALE ROAD,57,28,North East Region,LH,25,2015-09-17,872,1130,258,0.296,20,911740,988000,1046,874,295,0.2823,-0.1641
newsale,HIGH PARK RESIDENCES,31 FERNVALE ROAD,58,28,North East Region,LH,25,2015-10-13,872,1130,258,0.296,23,824040,896000,945,793,279,0.2947,-0.1612
newsale,HIGH PARK RESIDENCES,31 FERNVALE ROAD,59,28,North East Region,LH,25,2015-07-18,592,818,226,0.382,23,598752,687000,1011,840,390,0.386,-0.1697
newsale,HILLHAVEN,5 HILLVIEW RISE,01,23,West Region,LH,27,2025-05-11,1012,1195,183,0.181,4,2230361,2515923,2204,2106,1561,0.708,-0.0447
newsale,HILLHAVEN,5 HILLVIEW RISE,03,23,West Region,LH,27,2025-12-15,1259,1432,172,0.137,7,2760640,2950000,2192,2061,1100,0.5016,-0.06
newsale,HILLHAVEN,7 HILLVIEW RISE,08,23,West Region,LH,28,2025-11-07,1378,1636,258,0.188,21,2992117,3353800,2172,2050,1400,0.6447,-0.0561
newsale,HILLHAVEN,7 HILLVIEW RISE,10,23,West Region,LH,28,2025-06-08,1012,1195,183,0.181,9,2212614,2492538,2187,2086,1530,0.6996,-0.046
newsale,HILLHAVEN,7 HILLVIEW RISE,13,23,West Region,LH,28,2025-09-18,947,1141,194,0.205,9,2056771,2368184,2171,2076,1607,0.7402,-0.0441
newsale,HILLOCK GREEN,22 LENTOR CENTRAL,01,26,North East Region,LH,23,2025-09-20,1184,1432,248,0.209,7,2752640,2942000,2325,2055,765,0.329,-0.116
newsale,HILLOCK GREEN,22 LENTOR CENTRAL,02,26,North East Region,LH,23,2025-02-21,1313,1572,258,0.197,7,2851816,3023000,2172,1924,663,0.3051,-0.1142
newsale,HILLOCK GREEN,22 LENTOR CENTRAL,04,26,North East Region,LH,23,2025-05-10,753,904,151,0.2,7,1865728,2071000,2476,2290,1362,0.5501,-0.075
newsale,HILLOCK GREEN,22 LENTOR CENTRAL,05,26,North East Region,LH,23,2025-06-01,1324,1582,258,0.195,13,2978016,3228000,2249,2040,968,0.4302,-0.093
newsale,HILLOCK GREEN,22 LENTOR CENTRAL,08,26,North East Region,LH,23,2025-08-12,710,872,161,0.227,7,1773024,1956000,2496,2243,1133,0.4541,-0.1011
newsale,HILLOCK GREEN,26 LENTOR CENTRAL,09,26,North East Region,LH,23,2025-04-29,904,1087,183,0.202,5,2097120,2263000,2319,2082,907,0.3909,-0.1025
newsale,HILLOCK GREEN,26 LENTOR CENTRAL,10,26,North East Region,LH,23,2025-07-11,1346,1572,226,0.168,20,3043656,3356000,2262,2135,1382,0.6109,-0.056
newsale,HILLOCK GREEN,28 LENTOR CENTRAL,15,26,North East Region,LH,23,2025-05-22,947,1141,194,0.205,10,2190498,2423000,2313,2124,1200,0.5189,-0.0817
newsale,HILLOCK GREEN,28 LENTOR CENTRAL,16,26,North East Region,LH,23,2025-08-25,1055,1259,205,0.194,4,2474464,2657000,2346,2110,893,0.3805,-0.1006
newsale,HILLOCK GREEN,28 LENTOR CENTRAL,19,26,North East Region,LH,23,2025-09-04,1033,1238,205,0.198,3,2378760,2589000,2302,2092,1028,0.4466,-0.0914
newsale,HUDSON PLACE RESIDENCES,18 MEDIA CIRCLE,02,05,Central Region,LH,15,2026-05-15,1152,1744,592,0.514,8,2989810,4612000,2596,2645,2740,1.0556,0.0189
newsale,INFINI AT EAST COAST,363 EAST COAST ROAD,03,15,East Region,FH,5,2021-02-23,1227,1722,495,0.404,3,2274048,2800000,1853,1626,1062,0.5732,-0.1227
newsale,IRWELL HILL RESIDENCES,2 IRWELL HILL,02,09,Central Region,LH,36,2021-08-04,667,818,151,0.226,33,1922400,2180000,2881,2665,1709,0.5935,-0.0749
newsale,IRWELL HILL RESIDENCES,2 IRWELL HILL,03,09,Central Region,LH,36,2023-07-09,614,764,151,0.246,4,1832132,1988000,2986,2601,1034,0.3464,-0.1289
newsale,IRWELL HILL RESIDENCES,2 IRWELL HILL,06,09,Central Region,LH,36,2023-03-26,398,614,215,0.541,4,1240274,1400000,3114,2282,742,0.2382,-0.2673
newsale,IRWELL HILL RESIDENCES,6 IRWELL HILL,11,09,Central Region,LH,36,2022-07-14,678,829,151,0.222,5,1985264,2179000,2928,2629,1286,0.4391,-0.102
newsale,IRWELL HILL RESIDENCES,6 IRWELL HILL,14,09,Central Region,LH,36,2023-09-04,614,732,118,0.193,4,1840212,1966000,2999,2686,1062,0.3542,-0.1045
newsale,JEWEL @ BUANGKOK,81 COMPASSVALE BOW,02,19,North East Region,LH,15,2015-04-30,721,807,86,0.119,6,946838,992250,1313,1229,527,0.4017,-0.0638
newsale,KENT RIDGE HILL RESIDENCES,50 SOUTH BUONA VISTA ROAD,01,05,Central Region,LH,5,2019-07-05,646,732,86,0.133,3,1141548,1214000,1768,1659,841,0.476,-0.0616
newsale,KENT RIDGE HILL RESIDENCES,50 SOUTH BUONA VISTA ROAD,02,05,Central Region,LH,5,2020-05-12,775,893,118,0.153,3,1364832,1360000,1761,1522,-41,-0.0232,-0.1356
newsale,KENT RIDGE HILL RESIDENCES,50 SOUTH BUONA VISTA ROAD,05,05,Central Region,LH,5,2019-04-14,474,603,129,0.273,4,800266,862000,1690,1430,478,0.2829,-0.1537
newsale,KENT RIDGE HILL RESIDENCES,50 SOUTH BUONA VISTA ROAD,07,05,Central Region,LH,5,2020-06-22,786,904,118,0.151,3,1308384,1397000,1665,1545,748,0.4495,-0.0721
newsale,KENT RIDGE HILL RESIDENCES,50 SOUTH BUONA VISTA ROAD,09,05,Central Region,LH,5,2019-07-13,474,603,129,0.273,4,842002,898000,1778,1490,434,0.2439,-0.162
newsale,KENT RIDGE HILL RESIDENCES,50 SOUTH BUONA VISTA ROAD,10,05,Central Region,LH,5,2019-04-09,517,646,129,0.25,4,915236,965000,1771,1494,385,0.2175,-0.1565
newsale,KENT RIDGE HILL RESIDENCES,50A SOUTH BUONA VISTA ROAD,13,05,Central Region,LH,5,2020-05-14,775,893,118,0.153,4,1339476,1409000,1728,1577,587,0.3397,-0.0875
newsale,KENT RIDGE HILL RESIDENCES,50A SOUTH BUONA VISTA ROAD,15,05,Central Region,LH,5,2019-06-30,646,743,97,0.15,4,1109610,1196000,1718,1610,892,0.519,-0.0627
newsale,KENT RIDGE HILL RESIDENCES,50A SOUTH BUONA VISTA ROAD,16,05,Central Region,LH,5,2019-07-01,646,743,97,0.15,4,1109610,1208000,1718,1626,1016,0.5911,-0.0533
newsale,KENT RIDGE HILL RESIDENCES,50A SOUTH BUONA VISTA ROAD,18,05,Central Region,LH,5,2020-01-06,775,893,118,0.153,3,1313232,1405000,1694,1573,775,0.4574,-0.0719
newsale,KENT RIDGE HILL RESIDENCES,50A SOUTH BUONA VISTA ROAD,19,05,Central Region,LH,5,2019-09-09,646,732,86,0.133,3,1121468,1218000,1736,1664,1121,0.6456,-0.0417
newsale,KENT RIDGE HILL RESIDENCES,52 SOUTH BUONA VISTA ROAD,21,05,Central Region,LH,5,2021-05-17,775,893,118,0.153,3,1409842,1557000,1819,1743,1243,0.6832,-0.042
newsale,KENT RIDGE HILL RESIDENCES,52 SOUTH BUONA VISTA ROAD,22,05,Central Region,LH,5,2018-11-18,786,904,118,0.151,4,1321876,1414000,1682,1564,778,0.4625,-0.0704
newsale,KENT RIDGE HILL RESIDENCES,52 SOUTH BUONA VISTA ROAD,24,05,Central Region,LH,5,2018-11-29,646,743,97,0.15,3,1113840,1193000,1725,1606,817,0.4738,-0.0686
newsale,KENT RIDGE HILL RESIDENCES,52 SOUTH BUONA VISTA ROAD,26,05,Central Region,LH,5,2021-01-21,883,1001,118,0.134,3,1553420,1646000,1760,1644,782,0.4443,-0.0657
newsale,KENT RIDGE HILL RESIDENCES,52 SOUTH BUONA VISTA ROAD,27,05,Central Region,LH,5,2020-01-01,474,603,129,0.273,3,867456,916000,1832,1520,376,0.2052,-0.1703
newsale,KENT RIDGE HILL RESIDENCES,62 SOUTH BUONA VISTA ROAD,29,05,Central Region,LH,5,2019-03-05,517,646,129,0.25,4,916990,970000,1775,1502,410,0.2312,-0.1538
newsale,KENT RIDGE HILL RESIDENCES,62 SOUTH BUONA VISTA ROAD,30,05,Central Region,LH,5,2019-02-28,474,603,129,0.273,3,823280,883000,1738,1465,462,0.266,-0.1573
newsale,KENT RIDGE HILL RESIDENCES,62 SOUTH BUONA VISTA ROAD,34,05,Central Region,LH,5,2020-09-04,743,861,118,0.159,3,1453728,1482000,1957,1721,239,0.122,-0.1207
newsale,KENT RIDGE HILL RESIDENCES,62A SOUTH BUONA VISTA ROAD,38,05,Central Region,LH,5,2019-03-09,517,646,129,0.25,3,891572,959000,1726,1485,522,0.3025,-0.1395
newsale,KENT RIDGE HILL RESIDENCES,62A SOUTH BUONA VISTA ROAD,39,05,Central Region,LH,5,2019-10-05,474,603,129,0.273,3,836924,898000,1767,1490,473,0.2676,-0.1569
newsale,KENT RIDGE HILL RESIDENCES,62A SOUTH BUONA VISTA ROAD,43,05,Central Region,LH,5,2020-05-26,743,861,118,0.159,4,1395402,1439000,1879,1671,368,0.196,-0.1105
newsale,KENT RIDGE HILL RESIDENCES,62A SOUTH BUONA VISTA ROAD,46,05,Central Region,LH,5,2019-03-28,646,732,86,0.133,3,1115444,1170000,1727,1598,634,0.3668,-0.0745
newsale,KENT RIDGE HILL RESIDENCES,64 SOUTH BUONA VISTA ROAD,47,05,Central Region,LH,5,2019-08-23,517,646,129,0.25,3,900588,963000,1743,1491,483,0.2772,-0.1446
newsale,KENT RIDGE HILL RESIDENCES,64 SOUTH BUONA VISTA ROAD,52,05,Central Region,LH,5,2020-11-03,743,861,118,0.159,4,1439076,1475000,1938,1713,303,0.1566,-0.116
newsale,KENT RIDGE HILL RESIDENCES,64A SOUTH BUONA VISTA ROAD,59,05,Central Region,LH,5,2020-10-22,743,883,140,0.188,4,1430540,1475000,1926,1671,318,0.165,-0.1324
newsale,KENT RIDGE HILL RESIDENCES,64A SOUTH BUONA VISTA ROAD,60,05,Central Region,LH,5,2020-07-21,775,893,118,0.153,3,1483673,1555000,1914,1741,602,0.3147,-0.0908
newsale,KENT RIDGE HILL RESIDENCES,66 SOUTH BUONA VISTA ROAD,65,05,Central Region,LH,5,2020-06-10,474,603,129,0.273,3,846372,903000,1787,1498,438,0.2453,-0.1617
newsale,KENT RIDGE HILL RESIDENCES,66 SOUTH BUONA VISTA ROAD,68,05,Central Region,LH,5,2020-09-04,775,893,118,0.153,4,1474086,1545000,1902,1729,599,0.3149,-0.0908
newsale,KENT RIDGE HILL RESIDENCES,66A SOUTH BUONA VISTA ROAD,73,05,Central Region,LH,5,2019-06-08,646,732,86,0.133,3,1090656,1175000,1689,1605,979,0.58,-0.0494
newsale,KENT RIDGE HILL RESIDENCES,66A SOUTH BUONA VISTA ROAD,79,05,Central Region,LH,5,2019-07-21,797,904,108,0.135,3,1366848,1472000,1716,1628,977,0.5693,-0.0513
newsale,KENT RIDGE HILL RESIDENCES,66A SOUTH BUONA VISTA ROAD,81,05,Central Region,LH,5,2019-08-31,474,603,129,0.273,3,809600,858000,1709,1423,375,0.2192,-0.1673
newsale,KENT RIDGE HILL RESIDENCES,68 SOUTH BUONA VISTA ROAD,83,05,Central Region,LH,5,2019-06-30,646,732,86,0.133,3,1141056,1229000,1767,1679,1021,0.5781,-0.0496
newsale,KENT RIDGE HILL RESIDENCES,68 SOUTH BUONA VISTA ROAD,91,05,Central Region,LH,5,2020-06-27,474,570,97,0.205,3,883476,963000,1865,1688,821,0.4401,-0.0951
newsale,KENT RIDGE HILL RESIDENCES,68A SOUTH BUONA VISTA ROAD,93,05,Central Region,LH,5,2020-06-07,517,646,129,0.25,3,930028,1000000,1800,1548,542,0.3009,-0.1398
newsale,KENT RIDGE HILL RESIDENCES,68A SOUTH BUONA VISTA ROAD,94,05,Central Region,LH,5,2020-06-08,474,603,129,0.273,4,848562,903000,1792,1498,421,0.2352,-0.1639
newsale,KENT RIDGE HILL RESIDENCES,68A SOUTH BUONA VISTA ROAD,96,05,Central Region,LH,5,2020-03-02,474,603,129,0.273,3,806400,888000,1703,1473,632,0.3711,-0.1348
newsale,KENT RIDGE HILL RESIDENCES,68A SOUTH BUONA VISTA ROAD,97,05,Central Region,LH,5,2019-05-16,474,570,97,0.205,4,792720,855000,1674,1499,643,0.3841,-0.1046
newsale,KI RESIDENCES AT BROOKVALE,10 BROOKVALE DRIVE,19,21,West Region,LH,12,2021-08-14,1173,1378,205,0.174,11,2294712,2565000,1956,1862,1322,0.6757,-0.0481
newsale,KI RESIDENCES AT BROOKVALE,10 BROOKVALE DRIVE,20,21,West Region,LH,12,2021-01-02,1475,1711,237,0.161,11,2785620,2964000,1889,1732,753,0.3988,-0.0832
newsale,KI RESIDENCES AT BROOKVALE,12 BROOKVALE DRIVE,24,21,West Region,LH,12,2020-12-05,753,883,129,0.171,9,1399576,1423000,1857,1612,181,0.0976,-0.1321
newsale,KI RESIDENCES AT BROOKVALE,12 BROOKVALE DRIVE,25,21,West Region,LH,12,2021-11-10,753,883,129,0.171,4,1376292,1558000,1827,1765,1407,0.7701,-0.0336
newsale,KI RESIDENCES AT BROOKVALE,12 BROOKVALE DRIVE,27,21,West Region,LH,12,2022-08-06,980,1195,215,0.22,5,2065500,2302000,2109,1927,1099,0.521,-0.0863
newsale,KI RESIDENCES AT BROOKVALE,12 BROOKVALE DRIVE,28,21,West Region,LH,12,2021-10-05,743,872,129,0.174,8,1415950,1646000,1906,1888,1781,0.9343,-0.0097
newsale,KI RESIDENCES AT BROOKVALE,14 BROOKVALE DRIVE,30,21,West Region,LH,12,2021-04-22,861,1033,172,0.2,11,1535100,1714000,1783,1659,1039,0.5827,-0.0695
newsale,KI RESIDENCES AT BROOKVALE,14 BROOKVALE DRIVE,31,21,West Region,LH,12,2021-03-19,1173,1378,205,0.174,11,2221896,2367000,1894,1718,710,0.3747,-0.0928
newsale,KI RESIDENCES AT BROOKVALE,14 BROOKVALE DRIVE,32,21,West Region,LH,12,2021-09-12,861,1033,172,0.2,9,1641912,1908000,1907,1846,1545,0.8103,-0.0316
newsale,KI RESIDENCES AT BROOKVALE,16 BROOKVALE DRIVE,34,21,West Region,LH,12,2020-12-05,1259,1464,205,0.162,11,2296800,2487000,1824,1699,930,0.51,-0.0685
newsale,KI RESIDENCES AT BROOKVALE,16 BROOKVALE DRIVE,35,21,West Region,LH,12,2021-05-30,1173,1378,205,0.174,11,2069592,2279000,1764,1654,1024,0.5805,-0.0623
newsale,KI RESIDENCES AT BROOKVALE,16 BROOKVALE DRIVE,36,21,West Region,LH,12,2021-09-19,861,1033,172,0.2,4,1538856,1792990,1787,1735,1476,0.8257,-0.029
newsale,KI RESIDENCES AT BROOKVALE,18 BROOKVALE DRIVE,38,21,West Region,LH,12,2021-07-13,1195,1410,215,0.18,11,2213400,2367000,1853,1679,713,0.3851,-0.0939
newsale,KI RESIDENCES AT BROOKVALE,18 BROOKVALE DRIVE,39,21,West Region,LH,12,2021-01-31,1195,1410,215,0.18,8,2218832,2323000,1857,1647,484,0.2606,-0.1129
newsale,KI RESIDENCES AT BROOKVALE,18 BROOKVALE DRIVE,40,21,West Region,LH,12,2021-09-12,753,883,129,0.171,7,1430352,1591000,1898,1803,1244,0.6552,-0.0505
newsale,KI RESIDENCES AT BROOKVALE,18 BROOKVALE DRIVE,41,21,West Region,LH,12,2021-07-23,753,883,129,0.171,10,1406360,1529000,1866,1732,949,0.5087,-0.0719
newsale,KI RESIDENCES AT BROOKVALE,18 BROOKVALE DRIVE,42,21,West Region,LH,12,2021-07-22,1195,1410,215,0.18,11,2265420,2419000,1896,1716,713,0.3763,-0.0952
newsale,KI RESIDENCES AT BROOKVALE,18 BROOKVALE DRIVE,43,21,West Region,LH,12,2022-04-10,980,1195,215,0.22,9,1906344,2121000,1946,1775,997,0.5123,-0.0879
newsale,KI RESIDENCES AT BROOKVALE,18 BROOKVALE DRIVE,44,21,West Region,LH,12,2022-04-09,743,872,129,0.174,3,1399583,1602000,1884,1837,1567,0.8317,-0.0249
newsale,KI RESIDENCES AT BROOKVALE,2 BROOKVALE DRIVE,02,21,West Region,LH,12,2022-08-04,861,1033,172,0.2,11,1784196,1996000,2072,1932,1230,0.5936,-0.0677
newsale,KI RESIDENCES AT BROOKVALE,2 BROOKVALE DRIVE,04,21,West Region,LH,12,2021-06-25,1173,1378,205,0.174,7,2330476,2366000,1986,1717,174,0.0875,-0.1355
newsale,KI RESIDENCES AT BROOKVALE,20 BROOKVALE DRIVE,48,21,West Region,LH,12,2021-04-18,753,883,129,0.171,10,1413466,1499000,1876,1698,662,0.353,-0.0947
newsale,KI RESIDENCES AT BROOKVALE,20 BROOKVALE DRIVE,49,21,West Region,LH,12,2021-10-15,753,883,129,0.171,8,1414318,1607000,1877,1821,1492,0.7947,-0.03
newsale,KI RESIDENCES AT BROOKVALE,20 BROOKVALE DRIVE,50,21,West Region,LH,12,2021-04-21,980,1195,215,0.22,11,1830132,2001000,1868,1675,794,0.4248,-0.1036
newsale,KI RESIDENCES AT BROOKVALE,20 BROOKVALE DRIVE,52,21,West Region,LH,12,2021-11-29,743,872,129,0.174,4,1360236,1539000,1831,1765,1384,0.7557,-0.0362
newsale,KI RESIDENCES AT BROOKVALE,22 BROOKVALE DRIVE,53,21,West Region,LH,12,2021-09-20,861,1033,172,0.2,6,1522068,1785000,1768,1727,1527,0.8638,-0.0227
newsale,KI RESIDENCES AT BROOKVALE,22 BROOKVALE DRIVE,54,21,West Region,LH,12,2021-08-30,861,1033,172,0.2,11,1535724,1785000,1783,1727,1447,0.8116,-0.0314
newsale,KI RESIDENCES AT BROOKVALE,22 BROOKVALE DRIVE,55,21,West Region,LH,12,2021-03-25,936,1152,215,0.23,11,1672836,1836000,1786,1594,758,0.4243,-0.1076
newsale,KI RESIDENCES AT BROOKVALE,22 BROOKVALE DRIVE,56,21,West Region,LH,12,2021-04-25,1173,1378,205,0.174,11,2078616,2334000,1772,1694,1249,0.7049,-0.0438
newsale,KI RESIDENCES AT BROOKVALE,6 BROOKVALE DRIVE,08,21,West Region,LH,12,2021-08-02,753,883,129,0.171,10,1453420,1600000,1929,1813,1135,0.5883,-0.0603
newsale,KI RESIDENCES AT BROOKVALE,6 BROOKVALE DRIVE,09,21,West Region,LH,12,2021-11-19,753,883,129,0.171,9,1481480,1616000,1966,1831,1041,0.5297,-0.0688
newsale,KI RESIDENCES AT BROOKVALE,6 BROOKVALE DRIVE,10,21,West Region,LH,12,2022-07-24,1109,1313,205,0.184,8,2296626,2535000,2071,1930,1166,0.5627,-0.0681
newsale,KI RESIDENCES AT BROOKVALE,6 BROOKVALE DRIVE,11,21,West Region,LH,12,2022-08-28,980,1195,215,0.22,7,2101924,2409000,2146,2016,1426,0.6647,-0.0604
newsale,KI RESIDENCES AT BROOKVALE,8 BROOKVALE DRIVE,13,21,West Region,LH,12,2021-11-09,1173,1378,205,0.174,8,2183180,2486000,1861,1804,1481,0.7958,-0.0303
newsale,KI RESIDENCES AT BROOKVALE,8 BROOKVALE DRIVE,15,21,West Region,LH,12,2020-12-10,1259,1464,205,0.162,11,2377620,2540000,1888,1735,794,0.4206,-0.0809
newsale,KI RESIDENCES AT BROOKVALE,8 BROOKVALE DRIVE,16,21,West Region,LH,12,2020-12-05,1475,1711,237,0.161,10,2750376,2964000,1865,1732,902,0.4837,-0.0714
newsale,KINGSFORD . HILLVIEW PEAK,101 HILLVIEW RISE,04,23,West Region,LH,26,2016-05-01,527,592,65,0.122,3,739284,775000,1402,1309,553,0.3946,-0.066
newsale,KINGSFORD . HILLVIEW PEAK,101 HILLVIEW RISE,05,23,West Region,LH,26,2016-03-30,549,614,65,0.118,19,726960,785000,1324,1279,899,0.6786,-0.0338
newsale,KINGSFORD . HILLVIEW PEAK,101 HILLVIEW RISE,07,23,West Region,LH,25,2016-04-15,1249,1399,151,0.121,17,1674256,1770924,1341,1266,641,0.4784,-0.0562
newsale,KINGSFORD . HILLVIEW PEAK,105 HILLVIEW RISE,26,23,West Region,LH,11,2016-04-22,517,570,54,0.104,8,711528,785000,1377,1376,1365,0.9913,-0.0008
newsale,KINGSFORD . HILLVIEW PEAK,105 HILLVIEW RISE,27,23,West Region,LH,11,2016-05-20,517,570,54,0.104,8,711406,775000,1377,1358,1182,0.8582,-0.0134
newsale,KINGSFORD . HILLVIEW PEAK,105 HILLVIEW RISE,30,23,West Region,LH,11,2015-10-08,517,614,97,0.188,7,705888,758000,1366,1235,538,0.3937,-0.0957
newsale,KINGSFORD . HILLVIEW PEAK,105 HILLVIEW RISE,31,23,West Region,LH,11,2016-04-21,517,570,54,0.104,8,715476,757000,1385,1327,772,0.5572,-0.0418
newsale,KINGSFORD . HILLVIEW PEAK,105 HILLVIEW RISE,34,23,West Region,LH,11,2016-09-23,527,581,54,0.102,8,749634,810000,1421,1394,1122,0.7892,-0.0195
newsale,KINGSFORD . HILLVIEW PEAK,105 HILLVIEW RISE,35,23,West Region,LH,11,2016-10-27,549,646,97,0.176,8,778341,880000,1418,1363,1049,0.7401,-0.039
newsale,KINGSFORD WATERBAY,64 UPPER SERANGOON VIEW,01,19,North East Region,LH,16,2017-06-25,721,926,205,0.284,3,890532,1017000,1235,1099,618,0.5008,-0.1103
newsale,KINGSFORD WATERBAY,64 UPPER SERANGOON VIEW,03,19,North East Region,LH,16,2017-06-25,915,1141,226,0.247,10,1193727,1204000,1305,1055,45,0.0348,-0.1912
newsale,KINGSFORD WATERBAY,64 UPPER SERANGOON VIEW,04,19,North East Region,LH,16,2015-05-25,624,850,226,0.362,11,705892,746000,1131,877,177,0.1569,-0.2241
newsale,KINGSFORD WATERBAY,64 UPPER SERANGOON VIEW,05,19,North East Region,LH,16,2015-08-03,614,829,215,0.351,14,680438,728000,1109,878,221,0.1992,-0.208
newsale,KINGSFORD WATERBAY,64 UPPER SERANGOON VIEW,06,19,North East Region,LH,16,2017-11-01,850,1066,215,0.253,4,1166100,1223925,1371,1149,269,0.1959,-0.1624
newsale,KINGSFORD WATERBAY,64 UPPER SERANGOON VIEW,07,19,North East Region,LH,16,2017-05-17,1001,1216,215,0.215,9,1288248,1234000,1287,1015,-252,-0.1958,-0.2116
newsale,KINGSFORD WATERBAY,64 UPPER SERANGOON VIEW,08,19,North East Region,LH,16,2015-03-18,710,915,205,0.288,13,817260,870000,1150,951,258,0.2242,-0.1734
newsale,KINGSFORD WATERBAY,66 UPPER SERANGOON VIEW,09,19,North East Region,LH,16,2016-06-19,484,689,205,0.422,3,572280,646000,1181,938,360,0.3051,-0.2063
newsale,KINGSFORD WATERBAY,66 UPPER SERANGOON VIEW,11,19,North East Region,LH,16,2017-05-30,850,1066,215,0.253,8,1072157,1037459,1261,974,-161,-0.1278,-0.2278
newsale,KINGSFORD WATERBAY,66 UPPER SERANGOON VIEW,12,19,North East Region,LH,16,2017-05-30,883,1098,215,0.244,11,1121639,1117440,1271,1018,-20,-0.0154,-0.1991
newsale,KINGSFORD WATERBAY,66 UPPER SERANGOON VIEW,13,19,North East Region,LH,16,2017-07-23,689,861,172,0.25,13,1012266,976000,1469,1133,-211,-0.1433,-0.2287
newsale,KINGSFORD WATERBAY,66 UPPER SERANGOON VIEW,14,19,North East Region,LH,16,2017-11-07,678,840,161,0.238,10,989835,1050000,1460,1251,373,0.2553,-0.1432
newsale,KINGSFORD WATERBAY,66 UPPER SERANGOON VIEW,15,19,North East Region,LH,16,2017-03-15,1033,1249,215,0.208,9,1273242,1261876,1232,1011,-53,-0.0428,-0.1798
newsale,KINGSFORD WATERBAY,66 UPPER SERANGOON VIEW,16,19,North East Region,LH,16,2017-09-05,893,1109,215,0.241,12,1209843,1200000,1354,1082,-46,-0.0338,-0.2007
newsale,KINGSFORD WATERBAY,68 UPPER SERANGOON VIEW,18,19,North East Region,LH,16,2016-03-23,474,657,183,0.386,3,559440,629000,1181,958,380,0.3218,-0.189
newsale,KINGSFORD WATERBAY,68 UPPER SERANGOON VIEW,19,19,North East Region,LH,16,2017-09-05,1023,1249,226,0.221,13,1378822,1398105,1348,1120,85,0.0633,-0.1696
newsale,KINGSFORD WATERBAY,68 UPPER SERANGOON VIEW,20,19,North East Region,LH,16,2017-04-24,1044,1259,215,0.206,12,1292114,1318000,1238,1047,120,0.0972,-0.1543
newsale,KINGSFORD WATERBAY,68 UPPER SERANGOON VIEW,21,19,North East Region,LH,16,2016-10-10,678,840,161,0.238,3,827920,886000,1221,1055,360,0.2946,-0.1356
newsale,KINGSFORD WATERBAY,68 UPPER SERANGOON VIEW,22,19,North East Region,LH,16,2017-10-30,689,861,172,0.25,6,973411,1056979,1413,1227,485,0.3434,-0.1313
newsale,KINGSFORD WATERBAY,68 UPPER SERANGOON VIEW,24,19,North East Region,LH,16,2017-08-26,861,1076,215,0.25,10,1185872,1149580,1377,1068,-169,-0.1224,-0.2245
newsale,KINGSFORD WATERBAY,68 UPPER SERANGOON VIEW,25,19,North East Region,LH,16,2015-04-01,484,678,194,0.4,6,560970,613000,1158,904,269,0.2319,-0.2195
newsale,KINGSFORD WATERBAY,68 UPPER SERANGOON VIEW,26,19,North East Region,LH,16,2016-05-05,484,689,205,0.422,6,569230,648000,1175,941,385,0.3277,-0.1996
newsale,KINGSFORD WATERBAY,70 UPPER SERANGOON VIEW,27,19,North East Region,LH,16,2015-08-11,484,689,205,0.422,9,565400,627000,1167,910,301,0.258,-0.2203
newsale,KINGSFORD WATERBAY,70 UPPER SERANGOON VIEW,28,19,North East Region,LH,16,2016-07-06,484,678,194,0.4,3,603679,658000,1246,970,280,0.225,-0.2214
newsale,KINGSFORD WATERBAY,70 UPPER SERANGOON VIEW,29,19,North East Region,LH,16,2017-07-23,850,1066,215,0.253,9,1154560,1117990,1358,1049,-170,-0.1251,-0.2273
newsale,KINGSFORD WATERBAY,70 UPPER SERANGOON VIEW,30,19,North East Region,LH,16,2018-06-19,883,1098,215,0.244,3,1264687,1240000,1433,1129,-115,-0.08,-0.2118
newsale,KINGSFORD WATERBAY,70 UPPER SERANGOON VIEW,31,19,North East Region,LH,16,2017-07-23,689,861,172,0.25,8,912728,976000,1325,1133,367,0.2773,-0.1445
newsale,KINGSFORD WATERBAY,70 UPPER SERANGOON VIEW,32,19,North East Region,LH,16,2017-10-17,678,840,161,0.238,6,906962,1030152,1337,1227,763,0.5705,-0.0826
newsale,KINGSFORD WATERBAY,70 UPPER SERANGOON VIEW,33,19,North East Region,LH,16,2017-03-02,883,1098,215,0.244,9,1084540,1129000,1229,1028,207,0.1681,-0.1631
newsale,KINGSFORD WATERBAY,70 UPPER SERANGOON VIEW,34,19,North East Region,LH,16,2017-07-23,893,1109,215,0.241,9,1227215,1170635,1374,1056,-263,-0.1913,-0.2313
newsale,KINGSFORD WATERBAY,70 UPPER SERANGOON VIEW,35,19,North East Region,LH,16,2016-08-26,474,657,183,0.386,4,576760,644000,1218,981,367,0.3018,-0.1946
newsale,KINGSFORD WATERBAY,72 UPPER SERANGOON VIEW,37,19,North East Region,LH,16,2017-06-20,1109,1335,226,0.204,10,1277316,1424025,1152,1067,649,0.5633,-0.074
newsale,KINGSFORD WATERBAY,72 UPPER SERANGOON VIEW,38,19,North East Region,LH,16,2017-03-15,1033,1259,226,0.219,9,1226736,1276940,1187,1014,222,0.1871,-0.1459
newsale,KINGSFORD WATERBAY,72 UPPER SERANGOON VIEW,39,19,North East Region,LH,16,2017-07-23,678,840,161,0.238,5,891848,960000,1315,1143,422,0.3209,-0.1306
newsale,KINGSFORD WATERBAY,72 UPPER SERANGOON VIEW,40,19,North East Region,LH,16,2017-10-20,689,861,172,0.25,14,1003814,1039888,1457,1208,209,0.1438,-0.1712
newsale,KINGSFORD WATERBAY,72 UPPER SERANGOON VIEW,41,19,North East Region,LH,16,2017-04-24,883,1098,215,0.244,13,1155840,1129000,1310,1028,-125,-0.0952,-0.2147
newsale,KINGSFORD WATERBAY,72 UPPER SERANGOON VIEW,42,19,North East Region,LH,16,2017-08-09,850,1066,215,0.253,9,1157906,1162709,1362,1091,22,0.0164,-0.1987
newsale,KINGSFORD WATERBAY,72 UPPER SERANGOON VIEW,43,19,North East Region,LH,16,2016-11-03,484,678,194,0.4,10,604608,658000,1248,970,276,0.2208,-0.2226
newsale,KINGSFORD WATERBAY,74 UPPER SERANGOON VIEW,45,19,North East Region,LH,16,2016-06-24,484,689,205,0.422,6,600845,659000,1240,957,284,0.2292,-0.2288
newsale,KINGSFORD WATERBAY,74 UPPER SERANGOON VIEW,46,19,North East Region,LH,16,2016-10-02,484,678,194,0.4,8,606668,658000,1252,970,265,0.2115,-0.2253
newsale,KINGSFORD WATERBAY,74 UPPER SERANGOON VIEW,47,19,North East Region,LH,16,2017-09-09,850,1066,215,0.253,10,1150697,1162710,1353,1091,56,0.0412,-0.1937
newsale,KINGSFORD WATERBAY,74 UPPER SERANGOON VIEW,48,19,North East Region,LH,16,2017-05-30,883,1098,215,0.244,13,1062952,1129000,1204,1028,307,0.2548,-0.1461
newsale,KINGSFORD WATERBAY,74 UPPER SERANGOON VIEW,49,19,North East Region,LH,16,2017-06-29,689,861,172,0.25,10,1005048,985000,1459,1144,-116,-0.0798,-0.216
newsale,KINGSFORD WATERBAY,74 UPPER SERANGOON VIEW,50,19,North East Region,LH,16,2017-03-27,678,840,161,0.238,12,889058,937000,1311,1116,297,0.2265,-0.1488
newsale,KINGSFORD WATERBAY,74 UPPER SERANGOON VIEW,51,19,North East Region,LH,16,2016-07-06,1033,1249,215,0.208,3,1240848,1309000,1201,1048,317,0.2636,-0.127
newsale,KINGSFORD WATERBAY,74 UPPER SERANGOON VIEW,52,19,North East Region,LH,16,2017-08-24,893,1109,215,0.241,11,1219824,1200000,1365,1082,-92,-0.0674,-0.2073
newsale,KINGSFORD WATERBAY,74 UPPER SERANGOON VIEW,53,19,North East Region,LH,16,2016-09-11,474,657,183,0.386,4,594364,639170,1255,973,245,0.1951,-0.2243
newsale,KINGSFORD WATERBAY,76 UPPER SERANGOON VIEW,54,19,North East Region,LH,16,2016-10-10,474,657,183,0.386,4,593696,644000,1254,981,275,0.2193,-0.2176
newsale,KINGSFORD WATERBAY,76 UPPER SERANGOON VIEW,55,19,North East Region,LH,16,2017-05-30,1033,1259,226,0.219,11,1273701,1290000,1233,1024,72,0.0585,-0.169
newsale,KINGSFORD WATERBAY,76 UPPER SERANGOON VIEW,56,19,North East Region,LH,16,2016-06-18,1109,1335,226,0.204,11,1316448,1392000,1187,1043,334,0.2815,-0.1217
newsale,KINGSFORD WATERBAY,76 UPPER SERANGOON VIEW,57,19,North East Region,LH,16,2017-03-18,678,840,161,0.238,10,873962,941000,1289,1121,415,0.3222,-0.1304
newsale,KINGSFORD WATERBAY,76 UPPER SERANGOON VIEW,58,19,North East Region,LH,16,2017-06-07,689,861,172,0.25,9,937596,976000,1361,1133,223,0.1638,-0.1672
newsale,KINGSFORD WATERBAY,76 UPPER SERANGOON VIEW,59,19,North East Region,LH,16,2017-04-27,883,1098,215,0.244,10,1066976,1152000,1209,1049,395,0.3267,-0.132
newsale,KINGSFORD WATERBAY,76 UPPER SERANGOON VIEW,61,19,North East Region,LH,16,2016-10-02,484,678,194,0.4,12,606690,658000,1253,970,265,0.2114,-0.2253
newsale,KINGSFORD WATERBAY,76 UPPER SERANGOON VIEW,62,19,North East Region,LH,16,2016-08-18,484,689,205,0.422,8,600936,659000,1241,957,284,0.2288,-0.2289
newsale,KINGSFORD WATERBAY,78 UPPER SERANGOON VIEW,63,19,North East Region,LH,16,2016-10-12,657,872,215,0.328,3,781112,831000,1190,953,232,0.1948,-0.1988
newsale,KINGSFORD WATERBAY,78 UPPER SERANGOON VIEW,67,19,North East Region,LH,16,2017-08-08,678,840,161,0.238,4,912032,1003888,1345,1196,569,0.423,-0.111
newsale,KINGSFORD WATERBAY,78 UPPER SERANGOON VIEW,68,19,North East Region,LH,16,2017-06-25,850,1066,215,0.253,4,1021520,1117990,1201,1049,448,0.373,-0.1267
newsale,KINGSFORD WATERBAY,78 UPPER SERANGOON VIEW,69,19,North East Region,LH,16,2017-08-22,850,1066,215,0.253,5,1145470,1159933,1347,1088,67,0.0499,-0.1919
newsale,KINGSFORD WATERBAY,78 UPPER SERANGOON VIEW,70,19,North East Region,LH,16,2016-06-19,635,840,205,0.322,3,756000,798000,1190,950,205,0.1725,-0.2016
newsale,KINGSFORD WATERBAY,80 UPPER SERANGOON VIEW,71,19,North East Region,LH,16,2016-02-27,657,872,215,0.328,8,754856,803112,1150,921,224,0.195,-0.1988
newsale,KINGSFORD WATERBAY,80 UPPER SERANGOON VIEW,72,19,North East Region,LH,16,2017-09-08,958,1141,183,0.191,11,1327148,1275000,1385,1117,-285,-0.2057,-0.1934
newsale,KINGSFORD WATERBAY,80 UPPER SERANGOON VIEW,73,19,North East Region,LH,16,2017-05-21,1195,1421,226,0.189,12,1459260,1490000,1221,1049,136,0.1113,-0.1414
newsale,KINGSFORD WATERBAY,80 UPPER SERANGOON VIEW,75,19,North East Region,LH,16,2017-05-31,678,840,161,0.238,5,1008862,961000,1488,1145,-296,-0.1993,-0.2306
newsale,KINGSFORD WATERBAY,80 UPPER SERANGOON VIEW,76,19,North East Region,LH,16,2017-07-23,1216,1442,226,0.186,14,1624597,1586620,1336,1100,-168,-0.1258,-0.1764
newsale,KINGSFORD WATERBAY,80 UPPER SERANGOON VIEW,77,19,North East Region,LH,16,2017-08-21,850,1066,215,0.253,5,983448,1159933,1157,1088,820,0.7089,-0.0588
newsale,KINGSFORD WATERBAY,80 UPPER SERANGOON VIEW,78,19,North East Region,LH,16,2016-06-09,635,840,205,0.322,8,724906,802000,1141,955,377,0.3303,-0.1631
newsale,LAKE GRANDE,10 JURONG LAKE LINK,33,22,West Region,LH,17,2016-07-23,409,506,97,0.237,14,588436,639000,1439,1263,522,0.3628,-0.122
newsale,LAKE GRANDE,10 JURONG LAKE LINK,34,22,West Region,LH,17,2017-11-02,818,969,151,0.184,13,1125280,1187000,1376,1225,410,0.2977,-0.1092
newsale,LAKE GRANDE,10 JURONG LAKE LINK,35,22,West Region,LH,17,2016-12-03,775,872,97,0.125,14,1082426,1165000,1397,1336,852,0.6103,-0.0433
newsale,LAKE GRANDE,10 JURONG LAKE LINK,36,22,West Region,LH,17,2016-07-24,721,861,140,0.194,15,1050264,1116000,1456,1296,470,0.3226,-0.1101
newsale,LAKE GRANDE,10 JURONG LAKE LINK,37,22,West Region,LH,17,2016-07-23,474,614,140,0.295,15,728000,798000,1537,1301,500,0.3255,-0.1538
newsale,LAKE GRANDE,10 JURONG LAKE LINK,38,22,West Region,LH,17,2016-07-23,517,657,140,0.271,15,770048,845000,1490,1287,536,0.3594,-0.1365
newsale,LAKE GRANDE,10 JURONG LAKE LINK,39,22,West Region,LH,17,2016-08-02,614,743,129,0.211,15,848640,924000,1383,1244,583,0.4218,-0.1006
newsale,LAKE GRANDE,10 JURONG LAKE LINK,40,22,West Region,LH,17,2016-08-20,861,1012,151,0.175,15,1201560,1287000,1395,1272,567,0.4063,-0.0884
newsale,LAKE GRANDE,10 JURONG LAKE LINK,42,22,West Region,LH,17,2017-11-18,775,958,183,0.236,15,1056528,1209000,1363,1262,833,0.6112,-0.0743
newsale,LAKE GRANDE,2 JURONG LAKE LINK,01,22,West Region,LH,17,2016-08-05,947,1109,161,0.17,15,1264956,1331000,1335,1201,409,0.3063,-0.101
newsale,LAKE GRANDE,2 JURONG LAKE LINK,03,22,West Region,LH,17,2017-02-25,980,1119,140,0.143,15,1294348,1360000,1321,1215,469,0.355,-0.0806
newsale,LAKE GRANDE,2 JURONG LAKE LINK,04,22,West Region,LH,17,2016-07-24,667,818,151,0.226,15,971040,1045000,1455,1277,491,0.3373,-0.1221
newsale,LAKE GRANDE,2 JURONG LAKE LINK,05,22,West Region,LH,17,2016-07-23,926,1066,140,0.151,15,1320980,1380000,1427,1295,422,0.2956,-0.0925
newsale,LAKE GRANDE,2 JURONG LAKE LINK,06,22,West Region,LH,17,2016-07-23,624,753,129,0.207,15,922040,996000,1477,1322,573,0.3877,-0.105
newsale,LAKE GRANDE,2 JURONG LAKE LINK,07,22,West Region,LH,17,2016-07-23,614,743,129,0.211,15,906500,980000,1477,1319,569,0.3851,-0.1069
newsale,LAKE GRANDE,2 JURONG LAKE LINK,08,22,West Region,LH,17,2016-08-25,1152,1335,183,0.159,11,1616164,1703000,1403,1276,475,0.3382,-0.0907
newsale,LAKE GRANDE,6 JURONG LAKE LINK,11,22,West Region,LH,17,2017-02-19,947,1109,161,0.17,15,1249500,1361000,1319,1228,691,0.5235,-0.0694
newsale,LAKE GRANDE,6 JURONG LAKE LINK,13,22,West Region,LH,17,2017-11-17,1173,1346,172,0.147,12,1619496,1702000,1380,1265,479,0.3471,-0.0836
newsale,LAKE GRANDE,6 JURONG LAKE LINK,14,22,West Region,LH,17,2016-07-23,667,818,151,0.226,15,1002660,1083000,1502,1324,533,0.3549,-0.1188
newsale,LAKE GRANDE,6 JURONG LAKE LINK,15,22,West Region,LH,17,2016-07-23,926,1066,140,0.151,15,1353540,1430000,1462,1342,546,0.3737,-0.0822
newsale,LAKE GRANDE,6 JURONG LAKE LINK,16,22,West Region,LH,17,2016-07-23,624,753,129,0.207,15,948844,1007000,1520,1336,450,0.2962,-0.1206
newsale,LAKE GRANDE,6 JURONG LAKE LINK,17,22,West Region,LH,17,2016-07-23,614,743,129,0.211,15,931364,991000,1518,1334,462,0.3041,-0.121
newsale,LAKE GRANDE,6 JURONG LAKE LINK,18,22,West Region,LH,17,2016-09-14,1302,1485,183,0.14,12,1812008,1874000,1391,1262,339,0.2435,-0.0932
newsale,LAKE GRANDE,6 JURONG LAKE LINK,19,22,West Region,LH,17,2017-08-29,904,1012,108,0.119,10,1210872,1308000,1339,1293,902,0.6738,-0.0347
newsale,LAKE GRANDE,6 JURONG LAKE LINK,20,22,West Region,LH,17,2018-01-10,775,958,183,0.236,8,1059734,1230000,1367,1284,930,0.6805,-0.061
newsale,LAKE GRANDE,8 JURONG LAKE LINK,22,22,West Region,LH,17,2016-07-23,409,506,97,0.237,15,585832,639000,1432,1263,549,0.3832,-0.1181
newsale,LAKE GRANDE,8 JURONG LAKE LINK,23,22,West Region,LH,17,2017-10-31,818,969,151,0.184,10,1108752,1182000,1355,1220,486,0.3586,-0.0998
newsale,LAKE GRANDE,8 JURONG LAKE LINK,24,22,West Region,LH,17,2016-09-22,775,872,97,0.125,15,1086776,1133000,1402,1299,477,0.3403,-0.0733
newsale,LAKE GRANDE,8 JURONG LAKE LINK,25,22,West Region,LH,17,2016-09-12,721,861,140,0.194,15,1041408,1121000,1444,1302,569,0.3939,-0.0985
newsale,LAKE GRANDE,8 JURONG LAKE LINK,26,22,West Region,LH,17,2016-07-23,474,614,140,0.295,15,695760,763000,1469,1244,481,0.3271,-0.1535
newsale,LAKE GRANDE,8 JURONG LAKE LINK,27,22,West Region,LH,17,2016-07-23,517,657,140,0.271,15,742812,811000,1438,1235,487,0.3389,-0.1409
newsale,LAKE GRANDE,8 JURONG LAKE LINK,28,22,West Region,LH,17,2016-07-30,614,743,129,0.211,15,856480,928000,1396,1249,554,0.3966,-0.1049
newsale,LAKE GRANDE,8 JURONG LAKE LINK,29,22,West Region,LH,17,2017-09-04,861,1012,151,0.175,6,1158466,1263000,1345,1248,694,0.5156,-0.0721
newsale,LAKE GRANDE,8 JURONG LAKE LINK,30,22,West Region,LH,17,2017-11-13,818,958,140,0.171,12,1094738,1264000,1338,1319,1210,0.9038,-0.014
newsale,LAKE GRANDE,8 JURONG LAKE LINK,31,22,West Region,LH,17,2017-12-22,775,958,183,0.236,14,1067738,1204000,1378,1257,745,0.5405,-0.0878
newsale,LATTICE ONE,1 SERAYA CRESCENT,05,20,North East Region,FH,5,2019-06-23,538,657,118,0.22,4,985096,1037000,1830,1579,438,0.2395,-0.1371
newsale,LATTICE ONE,3 SERAYA CRESCENT,04,20,North East Region,FH,5,2021-07-06,840,1033,194,0.231,4,1613413,1680000,1922,1626,344,0.1788,-0.154
newsale,LE QUEST,10 BUKIT BATOK STREET 41,26,23,West Region,LH,16,2017-08-05,495,614,118,0.239,11,663000,712000,1339,1160,414,0.309,-0.1333
newsale,LE QUEST,10 BUKIT BATOK STREET 41,32,23,West Region,LH,16,2019-04-27,980,1141,161,0.165,5,1443112,1502000,1473,1316,365,0.2476,-0.1065
newsale,LE QUEST,10 BUKIT BATOK STREET 41,33,23,West Region,LH,16,2020-06-17,936,1109,172,0.184,9,1342320,1406000,1433,1268,370,0.258,-0.1153
newsale,LE QUEST,10 BUKIT BATOK STREET 41,34,23,West Region,LH,16,2017-08-05,495,614,118,0.239,11,655860,705000,1325,1149,415,0.3133,-0.1325
newsale,LE QUEST,12 BUKIT BATOK STREET 41,38,23,West Region,LH,16,2020-03-21,1023,1206,183,0.179,11,1473536,1551000,1441,1287,423,0.2938,-0.1072
newsale,LE QUEST,12 BUKIT BATOK STREET 41,42,23,West Region,LH,16,2019-10-18,936,1109,172,0.184,6,1326308,1395000,1416,1258,399,0.2816,-0.1116
newsale,LE QUEST,12 BUKIT BATOK STREET 41,43,23,West Region,LH,16,2017-08-05,495,614,118,0.239,11,650760,701000,1314,1143,424,0.3228,-0.1307
newsale,LE QUEST,2 BUKIT BATOK STREET 41,01,23,West Region,LH,16,2018-05-19,495,614,118,0.239,5,738760,785000,1492,1279,391,0.2617,-0.1425
newsale,LE QUEST,2 BUKIT BATOK STREET 41,03,23,West Region,LH,16,2020-03-26,1023,1206,183,0.179,11,1490804,1564000,1458,1297,400,0.2744,-0.1101
newsale,LE QUEST,2 BUKIT BATOK STREET 41,07,23,West Region,LH,16,2019-07-27,980,1141,161,0.165,7,1417320,1479000,1447,1296,382,0.264,-0.1041
newsale,LE QUEST,2 BUKIT BATOK STREET 41,08,23,West Region,LH,16,2020-03-15,936,1109,172,0.184,10,1317364,1384000,1407,1248,387,0.2751,-0.1126
newsale,LE QUEST,2 BUKIT BATOK STREET 41,09,23,West Region,LH,16,2017-08-05,495,614,118,0.239,10,668314,712000,1350,1160,369,0.2733,-0.1402
newsale,LE QUEST,6 BUKIT BATOK STREET 41,10,23,West Region,LH,16,2017-08-05,592,732,140,0.236,11,825344,890000,1394,1216,462,0.3314,-0.1278
newsale,LE QUEST,6 BUKIT BATOK STREET 41,11,23,West Region,LH,16,2020-07-30,883,1109,226,0.256,4,1327096,1420000,1504,1281,411,0.2734,-0.1481
newsale,LE QUEST,6 BUKIT BATOK STREET 41,13,23,West Region,LH,16,2019-04-08,710,807,97,0.136,3,1084260,1117000,1526,1384,338,0.2214,-0.0934
newsale,LE QUEST,6 BUKIT BATOK STREET 41,14,23,West Region,LH,16,2019-07-12,710,807,97,0.136,3,1075756,1111000,1514,1376,364,0.2402,-0.0912
newsale,LE QUEST,8 BUKIT BATOK STREET 41,18,23,West Region,LH,16,2017-08-05,592,732,140,0.236,11,805888,854000,1361,1167,344,0.2526,-0.1429
newsale,LE QUEST,8 BUKIT BATOK STREET 41,20,23,West Region,LH,16,2017-08-05,980,1141,161,0.165,6,1283628,1335000,1310,1170,318,0.2428,-0.1072
newsale,LE QUEST,8 BUKIT BATOK STREET 41,22,23,West Region,LH,16,2017-08-05,700,829,129,0.185,10,942156,985000,1347,1188,332,0.2463,-0.1175
newsale,LE QUEST,8 BUKIT BATOK STREET 41,23,23,West Region,LH,16,2018-05-19,1313,1528,215,0.164,3,1859408,1943000,1416,1271,388,0.2742,-0.1022
newsale,LE QUEST,8 BUKIT BATOK STREET 41,24,23,West Region,LH,16,2018-07-05,818,936,118,0.145,6,1152406,1213000,1409,1295,512,0.3633,-0.0805
newsale,LE QUEST,8 BUKIT BATOK STREET 41,25,23,West Region,LH,16,2017-08-05,495,614,118,0.239,11,662432,712000,1338,1160,419,0.3129,-0.1326
newsale,LEEDON GREEN,28 LEEDON HEIGHTS,09,10,Central Region,FH,12,2022-08-29,614,753,140,0.228,5,1760520,1943000,2869,2579,1304,0.4545,-0.1013
newsale,LEEDON GREEN,28 LEEDON HEIGHTS,10,10,Central Region,FH,12,2022-12-06,700,818,118,0.169,5,2156880,2245000,3083,2744,744,0.2414,-0.1098
newsale,LEEDON GREEN,28 LEEDON HEIGHTS,11,10,Central Region,FH,12,2021-07-16,1496,1744,248,0.165,9,3879300,4127760,2593,2367,1004,0.3871,-0.087
newsale,LEEDON GREEN,28 LEEDON HEIGHTS,12,10,Central Region,FH,12,2021-07-16,710,840,129,0.182,3,1972732,2067800,2777,2463,736,0.265,-0.1131
newsale,LEEDON GREEN,28 LEEDON HEIGHTS,14,10,Central Region,FH,12,2022-05-29,818,926,108,0.132,3,2428676,2362000,2969,2552,-619,-0.2086,-0.1405
newsale,LEEDON GREEN,28 LEEDON HEIGHTS,15,10,Central Region,FH,12,2021-09-25,1044,1163,118,0.113,9,3032064,3191000,2904,2745,1342,0.4623,-0.0548
newsale,LEEDON GREEN,28 LEEDON HEIGHTS,16,10,Central Region,FH,12,2022-10-12,538,678,140,0.26,7,1533180,1736000,2849,2560,1449,0.5088,-0.1014
newsale,LEEDON GREEN,30 LEEDON HEIGHTS,17,10,Central Region,FH,12,2023-09-20,538,678,140,0.26,5,1636520,1768000,3041,2607,940,0.309,-0.1426
newsale,LEEDON GREEN,30 LEEDON HEIGHTS,21,10,Central Region,FH,12,2023-05-29,710,840,129,0.182,4,2024032,2138000,2849,2546,882,0.3097,-0.1062
newsale,LEEDON GREEN,30 LEEDON HEIGHTS,22,10,Central Region,FH,12,2021-01-31,1044,1163,118,0.113,7,2768528,2938000,2652,2527,1431,0.5398,-0.0469
newsale,LEEDON GREEN,30 LEEDON HEIGHTS,23,10,Central Region,FH,12,2021-09-16,818,926,108,0.132,9,2363392,2488000,2889,2688,1158,0.4007,-0.0697
newsale,LEEDON GREEN,32 LEEDON HEIGHTS,25,10,Central Region,FH,12,2023-04-04,474,603,129,0.273,4,1429648,1499000,3019,2487,537,0.1779,-0.1762
newsale,LEEDON GREEN,32 LEEDON HEIGHTS,26,10,Central Region,FH,12,2023-07-15,700,807,108,0.154,7,2170648,2248000,3102,2785,719,0.2316,-0.1024
newsale,LEEDON GREEN,32 LEEDON HEIGHTS,28,10,Central Region,FH,12,2023-07-11,710,840,129,0.182,5,2080768,2106000,2929,2508,195,0.0667,-0.1436
newsale,LEEDON GREEN,32 LEEDON HEIGHTS,29,10,Central Region,FH,12,2023-07-11,710,840,129,0.182,5,2034144,2116000,2863,2520,634,0.2213,-0.1198
newsale,LEEDON GREEN,32 LEEDON HEIGHTS,30,10,Central Region,FH,12,2023-06-07,818,926,108,0.132,5,2467380,2536000,3016,2740,637,0.2114,-0.0917
newsale,LEEDON GREEN,32 LEEDON HEIGHTS,32,10,Central Region,FH,12,2023-08-09,538,678,140,0.26,5,1617176,1668000,3005,2460,363,0.1209,-0.1814
newsale,LEEDON GREEN,32 LEEDON HEIGHTS,33,10,Central Region,FH,12,2023-06-01,474,603,129,0.273,3,1428944,1509000,3017,2503,620,0.2054,-0.1703
newsale,LIV @ MB,114A ARTHUR ROAD,01,15,Central Region,LH,19,2022-09-18,1302,1668,366,0.281,7,3397680,4382000,2609,2626,2690,1.031,0.0068
newsale,LIV @ MB,114A ARTHUR ROAD,04,15,Central Region,LH,19,2023-08-12,1302,1518,215,0.165,9,3343120,4008000,2567,2641,3088,1.2032,0.0288
newsale,LIV @ MB,114D ARTHUR ROAD,13,15,Central Region,LH,19,2023-08-10,1302,1668,366,0.281,6,3314216,4194000,2545,2514,2404,0.9447,-0.0121
newsale,LIV @ MB,114D ARTHUR ROAD,16,15,Central Region,LH,19,2023-08-04,1206,1518,312,0.259,6,3052935,3889000,2532,2562,2678,1.0577,0.0119
newsale,MARGARET VILLE,20 MARGARET DRIVE,02,03,Central Region,LH,40,2019-10-17,527,635,108,0.204,11,1123699,1205424,2130,1898,759,0.3564,-0.1091
newsale,MARGARET VILLE,20 MARGARET DRIVE,03,03,Central Region,LH,40,2019-09-04,915,1141,226,0.247,30,1716393,1826230,1876,1601,486,0.259,-0.1468
newsale,MARGARET VILLE,20 MARGARET DRIVE,04,03,Central Region,LH,40,2019-09-10,829,1023,194,0.234,27,1569502,1676388,1894,1639,552,0.2913,-0.1343
newsale,MARGARET VILLE,20 MARGARET DRIVE,05,03,Central Region,LH,40,2019-07-06,463,570,108,0.233,16,997812,1068102,2156,1872,653,0.3029,-0.1315
newsale,MARGARET VILLE,20 MARGARET DRIVE,06,03,Central Region,LH,40,2019-09-28,657,775,118,0.18,18,1295205,1362788,1973,1758,571,0.2893,-0.1086
newsale,MARGARET VILLE,20 MARGARET DRIVE,07,03,Central Region,LH,40,2019-08-30,969,1130,161,0.167,27,1879278,1951376,1940,1727,447,0.2302,-0.11
newsale,MARGARET VILLE,20 MARGARET DRIVE,08,03,Central Region,LH,40,2019-09-04,1184,1464,280,0.236,30,2256295,2334262,1906,1595,279,0.1462,-0.1632
newsale,MAYFAIR GARDENS,10 RIFLE RANGE ROAD,18,21,Central Region,LH,5,2021-05-01,506,592,86,0.17,3,1023866,1051000,2024,1775,315,0.1557,-0.1228
newsale,MAYFAIR GARDENS,12 RIFLE RANGE ROAD,21,21,Central Region,LH,5,2018-10-15,1130,1572,441,0.39,4,2118118,3158000,1874,2009,2356,1.2573,0.0723
newsale,MAYFAIR GARDENS,12 RIFLE RANGE ROAD,23,21,Central Region,LH,5,2018-09-29,495,570,75,0.152,4,1021574,1052000,2063,1844,404,0.1957,-0.1062
newsale,MAYFAIR GARDENS,12 RIFLE RANGE ROAD,24,21,Central Region,LH,5,2018-09-30,570,646,75,0.132,4,1130964,1180000,1982,1827,651,0.3283,-0.0784
newsale,MAYFAIR GARDENS,12 RIFLE RANGE ROAD,26,21,Central Region,LH,5,2018-11-18,764,850,86,0.113,4,1488872,1560240,1948,1835,829,0.4254,-0.0582
newsale,MAYFAIR GARDENS,12 RIFLE RANGE ROAD,27,21,Central Region,LH,5,2019-04-08,560,635,75,0.135,4,1113612,1202000,1990,1893,1173,0.5896,-0.0487
newsale,MAYFAIR GARDENS,12 RIFLE RANGE ROAD,28,21,Central Region,LH,5,2019-04-06,560,635,75,0.135,4,1116172,1200000,1994,1890,1113,0.5579,-0.0525
newsale,MAYFAIR GARDENS,12 RIFLE RANGE ROAD,30,21,Central Region,LH,5,2022-03-19,753,840,86,0.114,3,1610673,1701810,2138,2027,1058,0.4951,-0.0518
newsale,MAYFAIR GARDENS,16 RIFLE RANGE ROAD,31,21,Central Region,LH,5,2018-09-29,1012,1539,527,0.521,4,2049710,3088000,2026,2006,1969,0.9718,-0.0097
newsale,MAYFAIR GARDENS,16 RIFLE RANGE ROAD,33,21,Central Region,LH,5,2018-09-29,560,635,75,0.135,4,1123692,1177000,2008,1853,707,0.3524,-0.0768
newsale,MAYFAIR GARDENS,16 RIFLE RANGE ROAD,34,21,Central Region,LH,5,2018-09-29,797,915,118,0.149,4,1611600,1683000,2023,1839,603,0.2981,-0.0908
newsale,MAYFAIR GARDENS,16 RIFLE RANGE ROAD,39,21,Central Region,LH,5,2019-04-12,635,753,118,0.186,4,1228808,1288000,1935,1709,500,0.2584,-0.1165
newsale,MAYFAIR GARDENS,16 RIFLE RANGE ROAD,40,21,Central Region,LH,5,2019-01-13,850,1023,172,0.203,3,1628928,1716764,1916,1679,510,0.2663,-0.1236
newsale,MAYFAIR GARDENS,16 RIFLE RANGE ROAD,42,21,Central Region,LH,5,2019-05-31,581,657,75,0.13,3,1142552,1195000,1966,1820,696,0.3542,-0.0741
newsale,MAYFAIR GARDENS,8 RIFLE RANGE ROAD,03,21,Central Region,LH,5,2021-10-10,570,646,75,0.132,3,1185724,1231000,2078,1906,601,0.2891,-0.0829
newsale,MAYFAIR GARDENS,8 RIFLE RANGE ROAD,04,21,Central Region,LH,5,2021-11-07,570,646,75,0.132,3,1184400,1244430,2076,1927,797,0.3837,-0.0719
newsale,MAYFAIR GARDENS,8 RIFLE RANGE ROAD,08,21,Central Region,LH,5,2018-10-09,506,592,86,0.17,3,1004000,1032000,1985,1743,325,0.1638,-0.1216
newsale,MAYFAIR GARDENS,8 RIFLE RANGE ROAD,09,21,Central Region,LH,5,2019-01-29,753,861,108,0.143,3,1469856,1556000,1951,1807,800,0.4102,-0.0737
newsale,MAYFAIR MODERN,2 RIFLE RANGE ROAD,03,21,Central Region,LH,8,2019-07-07,807,969,161,0.2,4,1738533,1818600,2154,1877,496,0.2303,-0.1283
newsale,MAYFAIR MODERN,2 RIFLE RANGE ROAD,05,21,Central Region,LH,8,2020-01-09,958,1141,183,0.191,4,2072085,2145132,2163,1880,399,0.1846,-0.1308
newsale,MAYFAIR MODERN,2 RIFLE RANGE ROAD,07,21,Central Region,LH,8,2020-09-13,689,797,108,0.156,4,1429174,1556200,2075,1954,1180,0.5688,-0.0583
newsale,MAYFAIR MODERN,2 RIFLE RANGE ROAD,10,21,Central Region,LH,8,2022-06-26,517,624,108,0.208,6,1194822,1258290,2313,2015,590,0.255,-0.1285
newsale,MAYFAIR MODERN,6 RIFLE RANGE ROAD,12,21,Central Region,LH,8,2019-10-25,958,1141,183,0.191,3,1958603,2062400,2044,1808,567,0.2775,-0.1159
newsale,MAYFAIR MODERN,6 RIFLE RANGE ROAD,13,21,Central Region,LH,8,2019-05-01,807,969,161,0.2,3,1654391,1743000,2049,1799,549,0.2678,-0.122
newsale,MAYFAIR MODERN,6 RIFLE RANGE ROAD,14,21,Central Region,LH,8,2020-08-07,807,969,161,0.2,4,1695588,1764477,2100,1821,427,0.2031,-0.1328
newsale,MAYFAIR MODERN,6 RIFLE RANGE ROAD,15,21,Central Region,LH,8,2020-02-23,506,635,129,0.255,4,1042889,1098999,2061,1730,434,0.2107,-0.1605
newsale,MAYFAIR MODERN,6 RIFLE RANGE ROAD,17,21,Central Region,LH,8,2022-03-07,1292,1518,226,0.175,4,2708594,2821000,2097,1859,497,0.2371,-0.1136
newsale,MAYFAIR MODERN,6 RIFLE RANGE ROAD,21,21,Central Region,LH,8,2020-12-31,689,797,108,0.156,5,1445136,1492000,2098,1873,435,0.2075,-0.1071
newsale,MEYER MANSION,79 MEYER ROAD,03,15,Central Region,FH,25,2020-08-31,1496,1830,334,0.223,7,3984242,4468900,2663,2442,1452,0.5454,-0.0829
newsale,MEYER MANSION,79 MEYER ROAD,04,15,Central Region,FH,25,2022-09-18,1399,1722,323,0.231,23,3854544,4388000,2755,2548,1652,0.5997,-0.0751
newsale,MEYER MANSION,79 MEYER ROAD,05,15,Central Region,FH,25,2022-09-14,689,883,194,0.281,14,2106216,2417600,3057,2739,1607,0.5257,-0.1041
newsale,MEYER MANSION,79 MEYER ROAD,06,15,Central Region,FH,25,2022-09-07,1109,1324,215,0.194,22,3006758,3432000,2712,2592,1975,0.7284,-0.0442
newsale,MEYER MANSION,79 MEYER ROAD,07,15,Central Region,FH,25,2021-09-01,1765,2142,377,0.213,16,4807114,5146400,2723,2403,901,0.3307,-0.1177
newsale,MEYER MANSION,79 MEYER ROAD,08,15,Central Region,FH,25,2020-06-24,1722,2099,377,0.219,7,4769010,5262444,2769,2507,1310,0.473,-0.0946
newsale,MIDTOWN BAY,122 BEACH ROAD,10,07,Central Region,LH,26,2019-10-08,753,1152,398,0.529,4,2223025,2880400,2950,2501,1651,0.5595,-0.1523
newsale,MOOI RESIDENCES,139 HOLLAND ROAD,01,10,Central Region,FH,5,2023-01-03,850,1281,431,0.506,3,2167524,3288888,2549,2568,2604,1.0218,0.0073
newsale,NEWPORT RESIDENCES,80 ANSON ROAD,06,02,Central Region,FH,44,2026-01-31,452,646,194,0.429,12,1446612,2072000,3200,3208,3228,1.0087,0.0026
newsale,NORMANTON PARK,45 NORMANTON PARK,01,05,Central Region,LH,24,2021-01-16,689,818,129,0.187,22,1242536,1285184,1804,1571,330,0.1831,-0.129
newsale,NORMANTON PARK,45 NORMANTON PARK,02,05,Central Region,LH,24,2021-07-18,764,883,118,0.155,22,1368764,1466000,1791,1661,821,0.4585,-0.0726
newsale,NORMANTON PARK,45 NORMANTON PARK,03,05,Central Region,LH,24,2021-12-21,1313,1453,140,0.107,22,2499768,2499000,1904,1720,-5,-0.0029,-0.0966
newsale,NORMANTON PARK,45 NORMANTON PARK,04,05,Central Region,LH,24,2021-11-14,721,861,140,0.194,4,1348590,1517000,1870,1762,1204,0.6436,-0.0579
newsale,NORMANTON PARK,45 NORMANTON PARK,05,05,Central Region,LH,24,2021-04-28,721,861,140,0.194,22,1345986,1434426,1866,1666,632,0.3386,-0.1075
newsale,NORMANTON PARK,45 NORMANTON PARK,06,05,Central Region,LH,24,2022-05-30,1087,1227,140,0.129,22,2135404,2167000,1964,1766,226,0.1149,-0.1009
newsale,NORMANTON PARK,45 NORMANTON PARK,07,05,Central Region,LH,24,2021-07-28,775,893,118,0.153,22,1409254,1491000,1818,1669,690,0.3797,-0.0822
newsale,NORMANTON PARK,45 NORMANTON PARK,08,05,Central Region,LH,24,2021-01-15,657,753,97,0.148,22,1188229,1212880,1810,1610,254,0.1406,-0.1105
newsale,NORMANTON PARK,47 NORMANTON PARK,09,05,Central Region,LH,24,2021-10-04,517,646,129,0.25,22,941723,1046000,1823,1620,807,0.4429,-0.1114
newsale,NORMANTON PARK,47 NORMANTON PARK,10,05,Central Region,LH,24,2021-07-21,829,947,118,0.143,22,1576438,1591000,1902,1680,123,0.0647,-0.1169
newsale,NORMANTON PARK,47 NORMANTON PARK,11,05,Central Region,LH,24,2021-02-06,936,1055,118,0.126,22,1701541,1763960,1817,1672,527,0.2901,-0.0797
newsale,NORMANTON PARK,47 NORMANTON PARK,12,05,Central Region,LH,24,2021-04-24,667,797,129,0.194,22,1255961,1334178,1882,1675,606,0.3218,-0.11
newsale,NORMANTON PARK,47 NORMANTON PARK,13,05,Central Region,LH,24,2021-07-13,657,786,129,0.197,22,1224238,1337000,1865,1702,873,0.4682,-0.0874
newsale,NORMANTON PARK,47 NORMANTON PARK,14,05,Central Region,LH,24,2021-02-14,936,1066,129,0.138,20,1722749,1752920,1840,1645,234,0.127,-0.1058
newsale,NORMANTON PARK,47 NORMANTON PARK,15,05,Central Region,LH,24,2022-03-03,969,1109,140,0.144,22,1827162,1873000,1886,1689,328,0.1737,-0.1043
newsale,NORMANTON PARK,47 NORMANTON PARK,16,05,Central Region,LH,24,2022-03-28,527,646,118,0.224,9,994896,1097000,1886,1699,862,0.4572,-0.0995
newsale,NORMANTON PARK,47 NORMANTON PARK,17,05,Central Region,LH,24,2021-11-14,527,646,118,0.224,14,1014740,1064000,1924,1647,416,0.2163,-0.1437
newsale,NORMANTON PARK,49 NORMANTON PARK,19,05,Central Region,LH,24,2022-04-03,829,947,118,0.143,17,1615872,1687000,1950,1781,601,0.3081,-0.0865
newsale,NORMANTON PARK,49 NORMANTON PARK,20,05,Central Region,LH,24,2021-01-15,1098,1238,140,0.127,13,2039645,2058868,1858,1663,137,0.0739,-0.1047
newsale,NORMANTON PARK,49 NORMANTON PARK,21,05,Central Region,LH,24,2021-05-18,667,797,129,0.194,22,1250438,1330990,1874,1671,624,0.3328,-0.1082
newsale,NORMANTON PARK,49 NORMANTON PARK,22,05,Central Region,LH,24,2021-04-24,657,786,129,0.197,22,1233110,1323624,1878,1684,701,0.3731,-0.103
newsale,NORMANTON PARK,49 NORMANTON PARK,23,05,Central Region,LH,24,2021-06-14,936,1066,129,0.138,22,1752198,1808000,1871,1697,432,0.2309,-0.0932
newsale,NORMANTON PARK,49 NORMANTON PARK,24,05,Central Region,LH,24,2022-03-10,969,1109,140,0.144,21,1846260,1916000,1906,1728,498,0.2615,-0.0932
newsale,NORMANTON PARK,49 NORMANTON PARK,25,05,Central Region,LH,24,2022-04-03,527,657,129,0.245,17,1017951,1114000,1930,1697,744,0.3853,-0.1209
newsale,NORMANTON PARK,49 NORMANTON PARK,26,05,Central Region,LH,24,2022-04-07,527,657,129,0.245,20,1026430,1114000,1946,1697,678,0.3484,-0.1282
newsale,NORMANTON PARK,51 NORMANTON PARK,27,05,Central Region,LH,24,2022-03-30,517,646,129,0.25,16,1024800,1120000,1983,1734,737,0.3716,-0.1257
newsale,NORMANTON PARK,51 NORMANTON PARK,28,05,Central Region,LH,24,2021-11-17,829,947,118,0.143,13,1591296,1696000,1920,1790,884,0.4606,-0.0674
newsale,NORMANTON PARK,51 NORMANTON PARK,29,05,Central Region,LH,24,2021-01-15,1098,1238,140,0.127,17,2033913,2037500,1852,1646,26,0.0138,-0.1115
newsale,NORMANTON PARK,51 NORMANTON PARK,30,05,Central Region,LH,24,2021-04-07,667,797,129,0.194,22,1257532,1338163,1884,1680,624,0.3313,-0.1084
newsale,NORMANTON PARK,51 NORMANTON PARK,31,05,Central Region,LH,24,2021-03-11,657,786,129,0.197,22,1241950,1305546,1891,1661,492,0.2603,-0.1216
newsale,NORMANTON PARK,51 NORMANTON PARK,32,05,Central Region,LH,24,2021-07-14,936,1066,129,0.138,22,1782362,1839000,1903,1726,438,0.2304,-0.0933
newsale,NORMANTON PARK,51 NORMANTON PARK,33,05,Central Region,LH,24,2022-06-01,969,1109,140,0.144,11,1863344,1899000,1923,1713,255,0.1325,-0.1095
newsale,NORMANTON PARK,51 NORMANTON PARK,34,05,Central Region,LH,24,2022-01-08,527,657,129,0.245,20,1064334,1118070,2018,1703,416,0.2062,-0.1562
newsale,NORMANTON PARK,51 NORMANTON PARK,35,05,Central Region,LH,24,2022-04-02,527,657,129,0.245,18,1063474,1141000,2016,1738,600,0.2977,-0.1382
newsale,NORMANTON PARK,53 NORMANTON PARK,36,05,Central Region,LH,24,2021-07-25,560,678,118,0.212,22,1081532,1141000,1932,1683,502,0.2599,-0.1292
newsale,NORMANTON PARK,53 NORMANTON PARK,37,05,Central Region,LH,24,2022-06-05,1087,1249,161,0.149,22,2143912,2193000,1972,1756,304,0.1542,-0.1094
newsale,NORMANTON PARK,53 NORMANTON PARK,38,05,Central Region,LH,24,2021-01-15,1615,1798,183,0.113,14,2966691,3066523,1837,1706,546,0.2969,-0.0716
newsale,NORMANTON PARK,53 NORMANTON PARK,39,05,Central Region,LH,24,2021-01-15,732,861,129,0.176,22,1376091,1431163,1880,1662,426,0.2268,-0.116
newsale,NORMANTON PARK,53 NORMANTON PARK,40,05,Central Region,LH,24,2021-01-15,732,872,140,0.191,22,1381943,1437361,1888,1649,396,0.2098,-0.1268
newsale,NORMANTON PARK,53 NORMANTON PARK,41,05,Central Region,LH,24,2021-01-16,1313,1475,161,0.123,15,2452579,2497028,1868,1693,275,0.1474,-0.0933
newsale,NORMANTON PARK,53 NORMANTON PARK,42,05,Central Region,LH,24,2022-03-13,1335,1496,161,0.121,21,2594172,2647000,1944,1769,327,0.1683,-0.0897
newsale,NORMANTON PARK,53 NORMANTON PARK,43,05,Central Region,LH,24,2021-09-10,570,689,118,0.208,22,1093878,1176000,1917,1707,694,0.3617,-0.1097
newsale,NORMANTON PARK,53 NORMANTON PARK,44,05,Central Region,LH,24,2021-09-18,581,700,118,0.204,22,1141836,1197000,1964,1711,466,0.2372,-0.1291
newsale,NORMANTON PARK,55 NORMANTON PARK,45,05,Central Region,LH,24,2021-12-14,560,678,118,0.212,18,1094810,1175640,1956,1734,683,0.349,-0.1137
newsale,NORMANTON PARK,55 NORMANTON PARK,46,05,Central Region,LH,24,2022-05-22,1087,1238,151,0.139,12,2109228,2186000,1940,1766,509,0.2626,-0.0898
newsale,NORMANTON PARK,55 NORMANTON PARK,47,05,Central Region,LH,24,2021-01-15,1615,1798,183,0.113,16,3004496,3066523,1861,1706,339,0.1822,-0.0833
newsale,NORMANTON PARK,55 NORMANTON PARK,48,05,Central Region,LH,24,2021-01-17,732,850,118,0.162,22,1387777,1438200,1896,1691,426,0.2246,-0.108
newsale,NORMANTON PARK,55 NORMANTON PARK,49,05,Central Region,LH,24,2021-01-17,732,861,129,0.176,22,1387777,1445619,1896,1679,448,0.2362,-0.1146
newsale,NORMANTON PARK,55 NORMANTON PARK,50,05,Central Region,LH,24,2021-01-16,1313,1475,161,0.123,10,2484912,2497028,1892,1693,75,0.0397,-0.1051
newsale,NORMANTON PARK,55 NORMANTON PARK,51,05,Central Region,LH,24,2022-06-07,958,1087,129,0.135,22,1866462,1921000,1948,1767,422,0.2167,-0.0931
newsale,NORMANTON PARK,55 NORMANTON PARK,52,05,Central Region,LH,24,2021-12-19,570,689,118,0.208,22,1126220,1193820,1974,1733,571,0.2892,-0.1222
newsale,NORMANTON PARK,55 NORMANTON PARK,53,05,Central Region,LH,24,2021-11-13,581,700,118,0.204,14,1124756,1203000,1935,1719,661,0.3415,-0.1114
newsale,NORMANTON PARK,57 NORMANTON PARK,54,05,Central Region,LH,24,2022-02-03,517,657,140,0.271,17,1026079,1105950,1986,1684,571,0.2874,-0.1519
newsale,NORMANTON PARK,57 NORMANTON PARK,55,05,Central Region,LH,24,2021-10-11,1066,1238,172,0.162,22,2064950,2075000,1938,1676,58,0.0301,-0.1349
newsale,NORMANTON PARK,57 NORMANTON PARK,56,05,Central Region,LH,24,2022-03-17,1195,1346,151,0.126,18,2297972,2391000,1923,1777,617,0.321,-0.0761
newsale,NORMANTON PARK,57 NORMANTON PARK,57,05,Central Region,LH,24,2021-11-14,667,797,129,0.194,21,1295012,1403000,1940,1761,836,0.4308,-0.0923
newsale,NORMANTON PARK,57 NORMANTON PARK,58,05,Central Region,LH,24,2021-08-15,657,786,129,0.197,22,1260398,1368000,1920,1741,833,0.434,-0.093
newsale,NORMANTON PARK,57 NORMANTON PARK,59,05,Central Region,LH,24,2021-11-01,936,1066,129,0.138,20,1735426,1806000,1853,1695,546,0.2948,-0.0855
newsale,NORMANTON PARK,57 NORMANTON PARK,60,05,Central Region,LH,24,2022-04-21,850,980,129,0.152,21,1717380,1759000,2020,1796,322,0.1596,-0.1108
newsale,NORMANTON PARK,57 NORMANTON PARK,61,05,Central Region,LH,24,2022-04-09,527,657,129,0.245,21,1071056,1139000,2031,1735,526,0.2591,-0.1458
newsale,NORMANTON PARK,57 NORMANTON PARK,62,05,Central Region,LH,24,2022-03-31,527,657,129,0.245,22,1070639,1139000,2030,1735,529,0.2607,-0.1454
newsale,NORMANTON PARK,59 NORMANTON PARK,64,05,Central Region,LH,24,2022-03-05,1066,1238,172,0.162,22,2013276,2100000,1889,1696,504,0.2665,-0.102
newsale,NORMANTON PARK,59 NORMANTON PARK,65,05,Central Region,LH,24,2021-12-19,915,1012,97,0.106,20,1712178,1738000,1871,1718,267,0.1424,-0.0821
newsale,NORMANTON PARK,59 NORMANTON PARK,66,05,Central Region,LH,24,2021-07-17,646,753,108,0.167,22,1183675,1273000,1833,1689,830,0.4528,-0.0782
newsale,NORMANTON PARK,59 NORMANTON PARK,67,05,Central Region,LH,24,2021-03-14,635,753,118,0.186,22,1158828,1213836,1825,1611,465,0.2546,-0.1171
newsale,NORMANTON PARK,59 NORMANTON PARK,68,05,Central Region,LH,24,2021-07-23,904,1023,118,0.131,21,1692124,1708000,1871,1670,134,0.0716,-0.1075
newsale,NORMANTON PARK,59 NORMANTON PARK,69,05,Central Region,LH,24,2021-12-25,947,1076,129,0.136,12,1777032,1841000,1876,1710,495,0.264,-0.0883
newsale,NORMANTON PARK,59 NORMANTON PARK,70,05,Central Region,LH,24,2022-03-09,527,646,118,0.224,9,1005720,1118000,1907,1731,948,0.4973,-0.0922
newsale,NORMANTON PARK,59 NORMANTON PARK,71,05,Central Region,LH,24,2022-03-21,527,646,118,0.224,19,1027231,1118000,1948,1731,767,0.3936,-0.1112
newsale,NORMANTON PARK,61 NORMANTON PARK,72,05,Central Region,LH,24,2021-01-15,484,581,97,0.2,22,886373,920304,1830,1583,350,0.1914,-0.1348
newsale,NORMANTON PARK,61 NORMANTON PARK,73,05,Central Region,LH,24,2021-08-01,915,1033,118,0.129,22,1639590,1691000,1792,1636,434,0.2423,-0.0868
newsale,NORMANTON PARK,61 NORMANTON PARK,74,05,Central Region,LH,24,2022-03-28,936,1055,118,0.126,18,1771798,1851000,1892,1755,669,0.3536,-0.0726
newsale,NORMANTON PARK,61 NORMANTON PARK,75,05,Central Region,LH,24,2021-11-11,667,797,129,0.194,5,1221635,1382000,1831,1735,1242,0.6782,-0.0522
newsale,NORMANTON PARK,61 NORMANTON PARK,76,05,Central Region,LH,24,2021-11-14,657,786,129,0.197,4,1220019,1377000,1858,1752,1215,0.6541,-0.0569
newsale,NORMANTON PARK,61 NORMANTON PARK,77,05,Central Region,LH,24,2022-04-02,1076,1227,151,0.14,19,2111200,2150000,1961,1752,257,0.1313,-0.1067
newsale,NORMANTON PARK,61 NORMANTON PARK,78,05,Central Region,LH,24,2021-08-09,947,1076,129,0.136,22,1715608,1731000,1811,1608,119,0.0658,-0.1121
newsale,NORMANTON PARK,61 NORMANTON PARK,79,05,Central Region,LH,24,2021-06-25,495,603,108,0.217,22,910619,988000,1839,1639,719,0.3909,-0.1088
newsale,NORMANTON PARK,61 NORMANTON PARK,80,05,Central Region,LH,24,2021-05-08,495,603,108,0.217,22,910619,971000,1839,1611,561,0.305,-0.1241
newsale,NORTH PARK RESIDENCES,15 YISHUN CENTRAL 1,01,27,North Region,LH,13,2017-05-07,829,1023,194,0.234,8,1119132,1146600,1350,1121,142,0.105,-0.1696
newsale,NORTH PARK RESIDENCES,15 YISHUN CENTRAL 1,02,27,North Region,LH,13,2017-05-10,700,872,172,0.246,5,970326,996300,1387,1143,151,0.1087,-0.176
newsale,NORTH PARK RESIDENCES,15 YISHUN CENTRAL 1,03,27,North Region,LH,13,2015-11-15,560,689,129,0.231,9,823446,836600,1471,1214,102,0.0692,-0.1745
newsale,NORTH PARK RESIDENCES,15 YISHUN CENTRAL 1,04,27,North Region,LH,13,2015-07-22,431,570,140,0.325,5,660593,694800,1534,1218,244,0.1593,-0.2062
newsale,NORTH PARK RESIDENCES,15 YISHUN CENTRAL 1,05,27,North Region,LH,13,2015-06-07,431,570,140,0.325,8,659125,694800,1531,1218,255,0.1665,-0.2044
newsale,NORTH PARK RESIDENCES,15 YISHUN CENTRAL 1,06,27,North Region,LH,13,2015-06-09,431,570,140,0.325,7,673913,693000,1565,1215,136,0.0871,-0.2239
newsale,NORTH PARK RESIDENCES,15 YISHUN CENTRAL 1,07,27,North Region,LH,13,2015-07-28,431,570,140,0.325,8,666531,693000,1548,1215,189,0.1222,-0.2153
newsale,NORTH PARK RESIDENCES,15 YISHUN CENTRAL 1,08,27,North Region,LH,13,2015-04-29,431,570,140,0.325,7,647314,674080,1503,1182,191,0.1272,-0.2141
newsale,NORTH PARK RESIDENCES,15 YISHUN CENTRAL 1,09,27,North Region,LH,13,2015-05-04,431,570,140,0.325,8,638805,672840,1484,1179,243,0.1639,-0.2051
newsale,NORTH PARK RESIDENCES,15 YISHUN CENTRAL 1,10,27,North Region,LH,13,2015-04-23,431,570,140,0.325,8,644252,670560,1496,1175,188,0.1257,-0.2145
newsale,NORTH PARK RESIDENCES,15 YISHUN CENTRAL 1,11,27,North Region,LH,13,2015-07-21,431,570,140,0.325,8,656407,688500,1525,1207,229,0.1504,-0.2084
newsale,NORTH PARK RESIDENCES,15 YISHUN CENTRAL 1,12,27,North Region,LH,13,2015-04-30,431,570,140,0.325,8,645149,672320,1498,1178,194,0.1296,-0.2135
newsale,NORTH PARK RESIDENCES,15 YISHUN CENTRAL 1,13,27,North Region,LH,13,2015-04-23,431,570,140,0.325,8,645730,672320,1500,1178,190,0.1267,-0.2142
newsale,NORTH PARK RESIDENCES,15 YISHUN CENTRAL 1,14,27,North Region,LH,13,2015-11-10,560,689,129,0.231,8,808633,838800,1445,1218,234,0.1617,-0.1572
newsale,NORTH PARK RESIDENCES,15 YISHUN CENTRAL 1,15,27,North Region,LH,13,2015-05-11,700,872,172,0.246,7,956017,986120,1366,1131,175,0.1279,-0.1723
newsale,NORTH PARK RESIDENCES,15 YISHUN CENTRAL 1,16,27,North Region,LH,13,2015-04-24,872,1066,194,0.222,7,1148893,1173040,1318,1101,125,0.0946,-0.1646
newsale,NORTH PARK RESIDENCES,15 YISHUN CENTRAL 1,17,27,North Region,LH,13,2015-05-05,872,1066,194,0.222,7,1182406,1206840,1356,1133,126,0.093,-0.1649
newsale,NORTH PARK RESIDENCES,15 YISHUN CENTRAL 1,18,27,North Region,LH,13,2015-04-24,753,926,172,0.229,6,1059131,1087680,1406,1175,166,0.1179,-0.1641
newsale,NORTH PARK RESIDENCES,15 YISHUN CENTRAL 1,19,27,North Region,LH,13,2017-07-06,753,926,172,0.229,7,1092960,1116000,1451,1206,134,0.0922,-0.1689
newsale,NORTH PARK RESIDENCES,15 YISHUN CENTRAL 1,21,27,North Region,LH,13,2017-06-26,700,872,172,0.246,5,1002182,1026900,1432,1178,144,0.1002,-0.1777
newsale,NORTH PARK RESIDENCES,15 YISHUN CENTRAL 1,22,27,North Region,LH,13,2016-07-16,829,1023,194,0.234,7,1124737,1152000,1357,1127,141,0.1037,-0.1698
newsale,NORTH PARK RESIDENCES,17 YISHUN CENTRAL 1,23,27,North Region,LH,13,2015-04-20,549,786,237,0.431,8,805760,843720,1468,1074,160,0.1092,-0.2685
newsale,NORTH PARK RESIDENCES,17 YISHUN CENTRAL 1,24,27,North Region,LH,13,2015-04-28,635,764,129,0.203,8,910126,928400,1433,1215,141,0.0987,-0.1523
newsale,NORTH PARK RESIDENCES,17 YISHUN CENTRAL 1,25,27,North Region,LH,13,2015-04-29,624,786,161,0.259,8,891804,916080,1428,1166,150,0.1053,-0.1839
newsale,NORTH PARK RESIDENCES,17 YISHUN CENTRAL 1,28,27,North Region,LH,13,2015-04-22,700,872,172,0.246,8,984074,1020830,1407,1171,213,0.1517,-0.1676
newsale,NORTH PARK RESIDENCES,17 YISHUN CENTRAL 1,29,27,North Region,LH,13,2017-07-26,700,872,172,0.246,3,1003363,1023300,1434,1174,116,0.0807,-0.1816
newsale,NORTH PARK RESIDENCES,17 YISHUN CENTRAL 1,30,27,North Region,LH,13,2015-04-21,624,786,161,0.259,6,863985,890000,1384,1133,161,0.1164,-0.1816
newsale,NORTH PARK RESIDENCES,19 YISHUN CENTRAL 1,32,27,North Region,LH,13,2017-03-07,700,872,172,0.246,8,970636,995280,1387,1142,143,0.1031,-0.1772
newsale,NORTH PARK RESIDENCES,19 YISHUN CENTRAL 1,34,27,North Region,LH,13,2017-05-15,1001,1227,226,0.226,4,1325315,1345500,1324,1096,89,0.0674,-0.1718
newsale,NORTH PARK RESIDENCES,19 YISHUN CENTRAL 1,36,27,North Region,LH,13,2015-05-08,624,786,161,0.259,7,922325,948740,1477,1207,164,0.1107,-0.1827
newsale,NORTH PARK RESIDENCES,19 YISHUN CENTRAL 1,37,27,North Region,LH,13,2015-04-28,635,764,129,0.203,7,938601,962090,1478,1259,182,0.1231,-0.1482
newsale,NORTH PARK RESIDENCES,19 YISHUN CENTRAL 1,38,27,North Region,LH,13,2015-05-11,549,786,237,0.431,9,837590,866700,1526,1103,123,0.0806,-0.2771
newsale,NORTH PARK RESIDENCES,21 YISHUN CENTRAL 1,40,27,North Region,LH,13,2015-05-06,700,872,172,0.246,8,1008493,1019040,1441,1169,61,0.0425,-0.1891
newsale,NORTH PARK RESIDENCES,21 YISHUN CENTRAL 1,41,27,North Region,LH,13,2015-05-06,700,872,172,0.246,7,1000581,1019040,1430,1169,107,0.0749,-0.1827
newsale,NORTH PARK RESIDENCES,21 YISHUN CENTRAL 1,42,27,North Region,LH,13,2015-04-23,1001,1227,226,0.226,5,1310014,1328800,1309,1083,83,0.0635,-0.1725
newsale,NORTH PARK RESIDENCES,21 YISHUN CENTRAL 1,43,27,North Region,LH,13,2015-04-21,1001,1227,226,0.226,5,1290823,1321650,1289,1077,136,0.1058,-0.1647
newsale,NORTH PARK RESIDENCES,21 YISHUN CENTRAL 1,44,27,North Region,LH,13,2015-04-28,624,786,161,0.259,8,877471,901120,1406,1147,146,0.1042,-0.1841
newsale,NORTH PARK RESIDENCES,21 YISHUN CENTRAL 1,45,27,North Region,LH,13,2015-04-15,635,764,129,0.203,6,890483,911680,1402,1193,164,0.117,-0.1492
newsale,NORTH PARK RESIDENCES,21 YISHUN CENTRAL 1,46,27,North Region,LH,13,2015-04-29,549,786,237,0.431,9,788579,827700,1436,1053,165,0.115,-0.2667
newsale,NORTH PARK RESIDENCES,23 YISHUN CENTRAL 1,47,27,North Region,LH,13,2017-10-23,624,786,161,0.259,3,904342,961620,1449,1224,355,0.2449,-0.1552
newsale,NORTH PARK RESIDENCES,23 YISHUN CENTRAL 1,48,27,North Region,LH,13,2017-03-08,700,872,172,0.246,8,964366,989120,1378,1134,144,0.1043,-0.1769
newsale,NORTH PARK RESIDENCES,23 YISHUN CENTRAL 1,49,27,North Region,LH,13,2017-05-10,1109,1270,161,0.146,8,1435581,1459600,1295,1149,149,0.1149,-0.1125
newsale,NORTH PARK RESIDENCES,23 YISHUN CENTRAL 1,50,27,North Region,LH,13,2017-08-01,1001,1227,226,0.226,3,1373104,1364400,1372,1112,-39,-0.0281,-0.1894
newsale,NORTH PARK RESIDENCES,23 YISHUN CENTRAL 1,51,27,North Region,LH,13,2015-05-05,635,764,129,0.203,7,924140,948740,1455,1241,190,0.1309,-0.1469
newsale,NORTH PARK RESIDENCES,23 YISHUN CENTRAL 1,52,27,North Region,LH,13,2015-06-19,549,786,237,0.431,8,839398,868500,1529,1105,123,0.0804,-0.2772
newsale,NORTH PARK RESIDENCES,25 YISHUN CENTRAL 1,54,27,North Region,LH,13,2017-08-03,700,872,172,0.246,6,970153,1016600,1387,1166,270,0.1945,-0.1591
newsale,NORTH PARK RESIDENCES,25 YISHUN CENTRAL 1,55,27,North Region,LH,13,2017-11-08,1098,1270,172,0.157,8,1496146,1524440,1363,1200,164,0.1206,-0.1192
newsale,NORTH PARK RESIDENCES,25 YISHUN CENTRAL 1,56,27,North Region,LH,13,2015-05-04,1184,1485,301,0.255,7,1556762,1587520,1315,1069,102,0.0776,-0.1871
newsale,NORTH PARK RESIDENCES,27 YISHUN CENTRAL 1,57,27,North Region,LH,13,2015-05-11,1098,1259,161,0.147,7,1423699,1456930,1297,1157,206,0.1587,-0.1079
newsale,NORTH PARK RESIDENCES,27 YISHUN CENTRAL 1,59,27,North Region,LH,13,2017-09-14,1098,1270,172,0.157,6,1476214,1480000,1345,1165,22,0.0164,-0.1334
newsale,NORTH PARK RESIDENCES,29 YISHUN CENTRAL 1,64,27,North Region,LH,13,2015-12-29,1206,1507,301,0.25,5,1556375,1577970,1291,1047,72,0.0555,-0.1889
newsale,NORTH PARK RESIDENCES,31 YISHUN CENTRAL 1,65,27,North Region,LH,13,2015-04-27,969,1130,161,0.167,6,1271549,1290080,1313,1141,115,0.0874,-0.1304
newsale,NORTH PARK RESIDENCES,31 YISHUN CENTRAL 1,67,27,North Region,LH,13,2015-04-28,1206,1507,301,0.25,3,1542626,1577970,1280,1047,117,0.0916,-0.1817
newsale,NORTH PARK RESIDENCES,31 YISHUN CENTRAL 1,68,27,North Region,LH,13,2015-05-12,1206,1507,301,0.25,8,1550962,1582420,1286,1050,104,0.0811,-0.1838
newsale,NORTH PARK RESIDENCES,33 YISHUN CENTRAL 1,69,27,North Region,LH,13,2015-05-12,829,1023,194,0.234,5,1123016,1132970,1355,1108,51,0.0379,-0.1823
newsale,NORTH PARK RESIDENCES,33 YISHUN CENTRAL 1,70,27,North Region,LH,13,2017-09-22,732,915,183,0.25,8,1066078,1076400,1456,1176,56,0.0387,-0.1923
newsale,NORTH PARK RESIDENCES,33 YISHUN CENTRAL 1,71,27,North Region,LH,13,2017-04-20,732,915,183,0.25,6,1047092,1054800,1431,1153,42,0.0294,-0.1941
newsale,NORTH PARK RESIDENCES,33 YISHUN CENTRAL 1,72,27,North Region,LH,13,2015-05-12,549,786,237,0.431,8,825746,854400,1504,1087,121,0.0804,-0.2771
newsale,NORTH PARK RESIDENCES,33 YISHUN CENTRAL 1,73,27,North Region,LH,13,2016-07-24,1001,1227,226,0.226,4,1321351,1345500,1320,1096,107,0.0809,-0.1693
newsale,NORTH PARK RESIDENCES,33 YISHUN CENTRAL 1,75,27,North Region,LH,13,2015-05-13,700,872,172,0.246,7,1005466,1027060,1437,1178,125,0.0873,-0.1803
newsale,NORTH PARK RESIDENCES,33 YISHUN CENTRAL 1,76,27,North Region,LH,13,2015-08-22,829,1023,194,0.234,4,1119132,1146600,1350,1121,142,0.105,-0.1696
newsale,NORTH PARK RESIDENCES,35 YISHUN CENTRAL 1,79,27,North Region,LH,13,2017-08-11,732,915,183,0.25,3,1039215,1036800,1420,1133,-13,-0.0093,-0.2019
newsale,NORTH PARK RESIDENCES,35 YISHUN CENTRAL 1,80,27,North Region,LH,13,2015-04-28,549,786,237,0.431,9,812912,842830,1481,1073,126,0.0853,-0.2757
newsale,NORTH PARK RESIDENCES,35 YISHUN CENTRAL 1,81,27,North Region,LH,13,2017-06-30,1432,1744,312,0.218,8,1904352,1898370,1330,1089,-19,-0.0144,-0.1816
newsale,NORTH PARK RESIDENCES,35 YISHUN CENTRAL 1,82,27,North Region,LH,13,2015-05-28,883,1076,194,0.22,6,1196616,1232100,1356,1145,183,0.1351,-0.1557
newsale,NORTH PARK RESIDENCES,37 YISHUN CENTRAL 1,85,27,North Region,LH,13,2015-10-24,829,1023,194,0.234,7,1100023,1128600,1327,1104,147,0.1111,-0.1684
newsale,NORTH PARK RESIDENCES,37 YISHUN CENTRAL 1,86,27,North Region,LH,13,2017-09-17,732,915,183,0.25,8,1009472,1056160,1379,1154,255,0.185,-0.163
newsale,NORTH PARK RESIDENCES,37 YISHUN CENTRAL 1,88,27,North Region,LH,13,2015-04-16,549,786,237,0.431,6,811026,847280,1477,1078,153,0.1036,-0.2701
newsale,NORTH PARK RESIDENCES,37 YISHUN CENTRAL 1,90,27,North Region,LH,13,2015-04-24,883,1076,194,0.22,8,1143410,1165900,1295,1083,116,0.0896,-0.1639
newsale,NORTH PARK RESIDENCES,37 YISHUN CENTRAL 1,92,27,North Region,LH,13,2015-11-25,829,1023,194,0.234,8,1101265,1130400,1329,1105,150,0.1132,-0.168
newsale,OLLOI,50 LORONG 101 CHANGI,01,15,Central Region,FH,5,2020-07-26,947,1184,237,0.25,3,1651104,1870000,1743,1579,924,0.5303,-0.0939
newsale,OLLOI,50 LORONG 101 CHANGI,02,15,Central Region,FH,5,2020-08-16,947,1184,237,0.25,3,1651104,1921000,1743,1622,1140,0.6538,-0.0692
newsale,OLLOI,50 LORONG 101 CHANGI,05,15,Central Region,FH,5,2020-08-07,947,1378,431,0.455,3,1628488,2256000,1719,1637,1457,0.8477,-0.0476
newsale,ONZE @ TANJONG PAGAR,11 KEE SENG STREET,02,02,Central Region,FH,14,2017-04-25,506,570,65,0.128,4,1324905,1455000,2619,2550,2014,0.7692,-0.0261
newsale,PARC BOTANNIA,10 FERNVALE STREET,02,28,North East Region,LH,22,2017-11-11,786,936,151,0.192,3,1046360,1075000,1332,1148,190,0.1427,-0.138
newsale,PARC BOTANNIA,10 FERNVALE STREET,03,28,North East Region,LH,22,2019-11-19,980,1163,183,0.187,14,1381102,1404000,1410,1208,125,0.0887,-0.1434
newsale,PARC BOTANNIA,10 FERNVALE STREET,04,28,North East Region,LH,22,2019-06-17,667,786,118,0.177,18,950300,978000,1424,1245,234,0.1643,-0.1259
newsale,PARC BOTANNIA,10 FERNVALE STREET,05,28,North East Region,LH,22,2019-03-30,667,786,118,0.177,3,949824,987955,1423,1257,322,0.2263,-0.1166
newsale,PARC BOTANNIA,10 FERNVALE STREET,06,28,North East Region,LH,22,2017-11-11,1453,1679,226,0.156,11,1802560,1898000,1240,1130,422,0.3404,-0.0888
newsale,PARC BOTANNIA,10 FERNVALE STREET,07,28,North East Region,LH,22,2019-09-17,872,1023,151,0.173,18,1180798,1220000,1354,1193,260,0.1921,-0.1191
newsale,PARC BOTANNIA,12 FERNVALE STREET,11,28,North East Region,LH,22,2019-01-10,786,926,140,0.178,4,1059707,1093000,1349,1181,238,0.1764,-0.1245
newsale,PARC BOTANNIA,12 FERNVALE STREET,12,28,North East Region,LH,22,2019-06-09,872,1023,151,0.173,15,1182228,1209000,1356,1182,178,0.131,-0.1281
newsale,PARC BOTANNIA,12 FERNVALE STREET,13,28,North East Region,LH,22,2019-07-19,667,786,118,0.177,7,931956,955500,1396,1216,199,0.1424,-0.1292
newsale,PARC BOTANNIA,12 FERNVALE STREET,14,28,North East Region,LH,22,2018-12-20,667,786,118,0.177,8,930315,952540,1394,1212,188,0.1347,-0.1304
newsale,PARC BOTANNIA,12 FERNVALE STREET,15,28,North East Region,LH,22,2020-02-20,980,1163,183,0.187,16,1375344,1410000,1404,1213,189,0.1349,-0.1362
newsale,PARC BOTANNIA,12 FERNVALE STREET,16,28,North East Region,LH,22,2019-09-06,872,1033,161,0.185,20,1179012,1217000,1352,1178,235,0.174,-0.1291
newsale,PARC BOTANNIA,16 FERNVALE STREET,19,28,North East Region,LH,22,2017-11-11,581,700,118,0.204,20,809080,830000,1392,1186,177,0.1269,-0.1477
newsale,PARC BOTANNIA,16 FERNVALE STREET,21,28,North East Region,LH,22,2018-09-06,1281,1507,226,0.176,15,1632712,1728540,1275,1147,424,0.3326,-0.1001
newsale,PARC BOTANNIA,16 FERNVALE STREET,22,28,North East Region,LH,22,2018-05-30,592,700,108,0.182,20,813788,890000,1375,1272,708,0.5151,-0.0746
newsale,PARC BOTANNIA,16 FERNVALE STREET,23,28,North East Region,LH,22,2018-06-04,592,700,108,0.182,16,820048,897000,1385,1282,715,0.5161,-0.0744
newsale,PARC BOTANNIA,16 FERNVALE STREET,24,28,North East Region,LH,22,2019-03-17,969,1130,161,0.167,13,1345355,1375000,1389,1217,184,0.1322,-0.124
newsale,PARC BOTANNIA,16 FERNVALE STREET,25,28,North East Region,LH,22,2020-01-16,1281,1507,226,0.176,10,1668307,1713020,1302,1137,198,0.1519,-0.1272
newsale,PARC BOTANNIA,16 FERNVALE STREET,26,28,North East Region,LH,22,2018-02-12,581,700,118,0.204,20,795104,836000,1368,1195,345,0.2525,-0.1265
newsale,PARC BOTANNIA,18 FERNVALE STREET,28,28,North East Region,LH,22,2017-11-11,786,926,140,0.178,11,1033216,1059000,1315,1144,184,0.1401,-0.13
newsale,PARC BOTANNIA,18 FERNVALE STREET,29,28,North East Region,LH,22,2019-09-05,872,1023,151,0.173,8,1226138,1252000,1406,1224,172,0.122,-0.1294
newsale,PARC BOTANNIA,18 FERNVALE STREET,30,28,North East Region,LH,22,2019-07-19,667,786,118,0.177,6,969277,986860,1452,1256,149,0.1023,-0.1353
newsale,PARC BOTANNIA,18 FERNVALE STREET,31,28,North East Region,LH,22,2017-12-29,667,786,118,0.177,5,966112,955000,1448,1215,-94,-0.0648,-0.1604
newsale,PARC BOTANNIA,18 FERNVALE STREET,32,28,North East Region,LH,22,2019-06-09,980,1163,183,0.187,9,1378750,1417000,1408,1219,209,0.1485,-0.134
newsale,PARC BOTANNIA,18 FERNVALE STREET,33,28,North East Region,LH,22,2020-03-11,980,1163,183,0.187,15,1337124,1386700,1365,1193,271,0.1985,-0.1262
newsale,PARC CLEMATIS,6 JALAN LEMPENG,01,05,West Region,LH,24,2021-09-07,1711,1981,269,0.157,12,2873874,2920000,1679,1474,171,0.1021,-0.122
newsale,PARC CLEMATIS,6 JALAN LEMPENG,02,05,West Region,LH,24,2021-06-19,1711,1981,269,0.157,6,2833530,2849000,1656,1438,57,0.0347,-0.1312
newsale,PARC CLEMATIS,6 JALAN LEMPENG,03,05,West Region,LH,24,2020-09-18,1496,1755,258,0.173,3,2658936,2720000,1777,1550,236,0.133,-0.1277
newsale,PARC CLEMATIS,6 JALAN LEMPENG,04,05,West Region,LH,24,2022-01-17,1496,1765,269,0.18,15,2644368,2695000,1767,1527,188,0.1065,-0.1362
newsale,PARC CLEMATIS,6A JALAN LEMPENG,05,05,West Region,LH,24,2022-03-18,1464,1733,269,0.184,15,2786400,2788000,1903,1609,6,0.0031,-0.1548
newsale,PARC CLEMATIS,6A JALAN LEMPENG,06,05,West Region,LH,24,2021-09-07,1711,1981,269,0.157,8,2876680,2925000,1681,1477,180,0.1068,-0.1214
newsale,PARC CLEMATIS,6A JALAN LEMPENG,07,05,West Region,LH,24,2021-12-01,1249,1475,226,0.181,19,2206040,2243000,1767,1521,164,0.0925,-0.1391
newsale,PARC CLEMATIS,6A JALAN LEMPENG,08,05,West Region,LH,24,2022-05-24,1249,1475,226,0.181,20,2278884,2528000,1825,1714,1102,0.6038,-0.0607
newsale,PARC CLEMATIS,8B JALAN LEMPENG,25,05,West Region,LH,24,2019-08-31,700,850,151,0.215,18,1185022,1225000,1694,1441,265,0.1566,-0.1495
newsale,PARC CLEMATIS,8B JALAN LEMPENG,26,05,West Region,LH,24,2019-09-28,452,624,172,0.381,22,762008,828000,1686,1326,383,0.2273,-0.2131
newsale,PARC CLEMATIS,8B JALAN LEMPENG,27,05,West Region,LH,24,2019-10-23,452,624,172,0.381,22,767238,838000,1697,1342,411,0.2421,-0.2091
newsale,PARC CLEMATIS,8B JALAN LEMPENG,28,05,West Region,LH,24,2020-08-05,517,700,183,0.354,5,890460,973500,1723,1391,454,0.2633,-0.1927
newsale,PARC CLEMATIS,8B JALAN LEMPENG,29,05,West Region,LH,24,2020-10-19,893,1076,183,0.205,22,1543496,1564500,1728,1453,115,0.0664,-0.1587
newsale,PARC CLEMATIS,8B JALAN LEMPENG,30,05,West Region,LH,24,2020-05-26,883,1076,194,0.22,22,1510900,1543000,1712,1433,166,0.0968,-0.1626
newsale,PARC CLEMATIS,8B JALAN LEMPENG,31,05,West Region,LH,24,2021-01-14,689,893,205,0.297,8,1114724,1214500,1618,1359,488,0.3015,-0.1599
newsale,PARC CLEMATIS,8B JALAN LEMPENG,32,05,West Region,LH,24,2020-12-12,689,893,205,0.297,10,1107690,1196500,1608,1339,434,0.2701,-0.1671
newsale,PARC CLEMATIS,8B JALAN LEMPENG,33,05,West Region,LH,24,2021-01-13,829,1033,205,0.247,8,1403226,1502000,1693,1454,483,0.2853,-0.1415
newsale,PARC CLEMATIS,8C JALAN LEMPENG,34,05,West Region,LH,24,2020-06-10,861,1055,194,0.225,18,1434672,1461000,1666,1385,136,0.0816,-0.1687
newsale,PARC CLEMATIS,8C JALAN LEMPENG,35,05,West Region,LH,24,2019-12-04,452,624,172,0.381,21,761076,832000,1683,1333,412,0.2446,-0.2084
newsale,PARC CLEMATIS,8C JALAN LEMPENG,36,05,West Region,LH,24,2019-10-20,452,624,172,0.381,21,763992,835000,1690,1337,412,0.244,-0.2086
newsale,PARC CLEMATIS,8C JALAN LEMPENG,37,05,West Region,LH,24,2020-08-09,517,710,194,0.375,14,880740,956500,1705,1346,391,0.2294,-0.2102
newsale,PARC CLEMATIS,8C JALAN LEMPENG,38,05,West Region,LH,24,2020-12-29,893,1076,183,0.205,19,1562970,1608000,1749,1494,246,0.1407,-0.1461
newsale,PARC CLEMATIS,8C JALAN LEMPENG,39,05,West Region,LH,24,2020-09-10,1044,1259,215,0.206,19,1822324,1832500,1745,1455,47,0.0271,-0.1663
newsale,PARC CLEMATIS,8C JALAN LEMPENG,40,05,West Region,LH,24,2021-12-21,689,893,205,0.297,14,1293564,1570000,1878,1757,1352,0.7199,-0.0641
newsale,PARC CLEMATIS,8C JALAN LEMPENG,41,05,West Region,LH,24,2021-09-21,689,893,205,0.297,20,1281650,1333000,1860,1492,251,0.135,-0.198
newsale,PARC CLEMATIS,8C JALAN LEMPENG,42,05,West Region,LH,24,2020-12-01,1044,1259,215,0.206,19,1789748,1807000,1714,1435,80,0.0468,-0.1629
newsale,PARC CLEMATIS,8D JALAN LEMPENG,43,05,West Region,LH,24,2022-01-04,990,1216,226,0.228,13,1664256,1710000,1681,1406,202,0.1204,-0.1635
newsale,PARC CLEMATIS,8D JALAN LEMPENG,44,05,West Region,LH,24,2020-08-10,732,861,129,0.176,10,1236316,1293000,1689,1502,439,0.2598,-0.111
newsale,PARC CLEMATIS,8D JALAN LEMPENG,45,05,West Region,LH,24,2021-10-28,969,1184,215,0.222,22,1724606,1822000,1780,1539,452,0.2541,-0.1356
newsale,PARC CLEMATIS,8D JALAN LEMPENG,47,05,West Region,LH,24,2021-09-30,689,893,205,0.297,19,1337864,1383000,1942,1548,221,0.1136,-0.2029
newsale,PARC CLEMATIS,8D JALAN LEMPENG,48,05,West Region,LH,24,2021-06-13,1238,1475,237,0.191,14,2118000,2126000,1711,1442,34,0.0197,-0.1574
newsale,PARC CLEMATIS,8E JALAN LEMPENG,49,05,West Region,LH,23,2021-03-13,893,1076,183,0.205,21,1584000,1596000,1773,1483,66,0.037,-0.1637
newsale,PARC CLEMATIS,8E JALAN LEMPENG,52,05,West Region,LH,23,2020-02-22,452,624,172,0.381,21,770100,854000,1703,1368,487,0.286,-0.197
newsale,PARC CLEMATIS,8E JALAN LEMPENG,53,05,West Region,LH,23,2020-09-07,861,1055,194,0.225,18,1481397,1488500,1720,1411,37,0.0213,-0.1798
newsale,PARC CLEMATIS,8E JALAN LEMPENG,54,05,West Region,LH,23,2021-05-14,1044,1259,215,0.206,19,1810928,1848000,1734,1467,172,0.0993,-0.154
newsale,PARC CLEMATIS,8E JALAN LEMPENG,55,05,West Region,LH,23,2021-01-14,689,893,205,0.297,18,1198872,1250500,1740,1400,252,0.1451,-0.1957
newsale,PARC CLEMATIS,8E JALAN LEMPENG,56,05,West Region,LH,23,2021-04-22,689,893,205,0.297,14,1212089,1273000,1759,1425,298,0.1693,-0.1902
newsale,PARC CLEMATIS,8E JALAN LEMPENG,57,05,West Region,LH,23,2020-08-18,1044,1259,215,0.206,14,1807470,1844500,1731,1465,172,0.0994,-0.154
newsale,PARC ESTA,900 SIMS AVENUE,01,14,Central Region,LH,18,2021-03-03,743,861,118,0.159,5,1325720,1425000,1785,1655,839,0.4698,-0.0729
newsale,PARC ESTA,900 SIMS AVENUE,02,14,Central Region,LH,18,2020-10-02,743,861,118,0.159,9,1324512,1410000,1783,1637,722,0.4049,-0.0818
newsale,PARC ESTA,900 SIMS AVENUE,03,14,Central Region,LH,18,2019-10-20,1227,1410,183,0.149,14,1999224,2070000,1629,1468,387,0.2374,-0.099
newsale,PARC ESTA,900 SIMS AVENUE,04,14,Central Region,LH,18,2019-11-23,1023,1206,183,0.179,15,1654296,1726000,1618,1432,392,0.2422,-0.115
newsale,PARC ESTA,900 SIMS AVENUE,05,14,Central Region,LH,18,2020-06-10,452,549,97,0.214,4,866048,911000,1916,1660,464,0.2422,-0.1337
newsale,PARC ESTA,900 SIMS AVENUE,06,14,Central Region,LH,18,2020-08-27,420,517,97,0.231,5,808860,882000,1927,1707,755,0.3919,-0.114
newsale,PARC ESTA,900 SIMS AVENUE,07,14,Central Region,LH,18,2020-08-18,527,624,97,0.184,3,1005840,1077000,1907,1725,735,0.3852,-0.0954
newsale,PARC ESTA,900 SIMS AVENUE,08,14,Central Region,LH,18,2020-06-20,958,1119,161,0.169,16,1642028,1708000,1714,1526,409,0.2384,-0.1098
newsale,PARC ESTA,900 SIMS AVENUE,09,14,Central Region,LH,18,2020-08-28,1119,1259,140,0.125,14,1975044,2055000,1764,1632,571,0.3239,-0.0751
newsale,PARC ESTA,902 SIMS AVENUE,10,14,Central Region,LH,18,2020-09-09,743,861,118,0.159,7,1274112,1370000,1715,1591,810,0.4721,-0.0726
newsale,PARC ESTA,902 SIMS AVENUE,11,14,Central Region,LH,18,2020-10-02,743,861,118,0.159,15,1300480,1397000,1751,1622,815,0.4656,-0.0735
newsale,PARC ESTA,902 SIMS AVENUE,12,14,Central Region,LH,18,2020-07-06,1033,1152,118,0.115,7,1764048,1824000,1707,1584,506,0.2966,-0.0723
newsale,PARC ESTA,902 SIMS AVENUE,13,14,Central Region,LH,18,2020-06-08,904,1076,172,0.19,4,1496536,1604000,1655,1490,624,0.377,-0.0997
newsale,PARC ESTA,902 SIMS AVENUE,14,14,Central Region,LH,18,2020-09-12,452,549,97,0.214,3,865872,940000,1915,1712,765,0.3995,-0.106
newsale,PARC ESTA,902 SIMS AVENUE,15,14,Central Region,LH,18,2020-05-08,420,517,97,0.231,7,808588,855000,1926,1655,479,0.2487,-0.1409
newsale,PARC ESTA,902 SIMS AVENUE,17,14,Central Region,LH,18,2019-05-04,958,1119,161,0.169,12,1582600,1650000,1652,1474,417,0.2527,-0.1078
newsale,PARC ESTA,904 SIMS AVENUE,19,14,Central Region,LH,18,2019-12-11,527,624,97,0.184,11,947816,1006000,1797,1611,601,0.3342,-0.1033
newsale,PARC ESTA,904 SIMS AVENUE,20,14,Central Region,LH,18,2019-10-27,420,517,97,0.231,3,804204,855000,1916,1655,524,0.2737,-0.1362
newsale,PARC ESTA,904 SIMS AVENUE,21,14,Central Region,LH,18,2019-06-29,452,549,97,0.214,17,817020,910000,1807,1658,960,0.5311,-0.0827
newsale,PARC ESTA,904 SIMS AVENUE,22,14,Central Region,LH,18,2019-07-28,840,1023,183,0.218,17,1413888,1503000,1684,1470,487,0.2892,-0.1272
newsale,PARC ESTA,904 SIMS AVENUE,23,14,Central Region,LH,18,2019-12-15,840,958,118,0.141,6,1501222,1555000,1788,1623,454,0.254,-0.0922
newsale,PARC ESTA,904 SIMS AVENUE,24,14,Central Region,LH,18,2020-03-06,635,753,118,0.186,11,1166880,1177000,1837,1562,85,0.0465,-0.1498
newsale,PARC ESTA,904 SIMS AVENUE,25,14,Central Region,LH,18,2020-01-04,635,743,108,0.169,14,1105186,1156000,1740,1556,472,0.2713,-0.1056
newsale,PARC ESTA,904 SIMS AVENUE,26,14,Central Region,LH,18,2020-03-30,926,1055,129,0.14,14,1518988,1584000,1641,1502,503,0.3067,-0.0849
newsale,PARC ESTA,904 SIMS AVENUE,27,14,Central Region,LH,18,2019-08-22,840,1023,183,0.218,14,1371156,1460000,1633,1428,486,0.2973,-0.1257
newsale,PARC ESTA,906 SIMS AVENUE,29,14,Central Region,LH,18,2020-01-10,635,753,118,0.186,16,1117640,1212000,1760,1609,797,0.4529,-0.086
newsale,PARC ESTA,906 SIMS AVENUE,30,14,Central Region,LH,18,2019-06-17,915,1012,97,0.106,14,1559834,1615000,1705,1596,569,0.334,-0.0638
newsale,PARC ESTA,906 SIMS AVENUE,33,14,Central Region,LH,18,2019-07-02,581,700,118,0.204,16,1048424,1117000,1804,1596,579,0.3211,-0.1149
newsale,PARC ESTA,906 SIMS AVENUE,34,14,Central Region,LH,18,2020-07-28,926,1109,183,0.198,3,1612800,1783000,1742,1608,930,0.5339,-0.0769
newsale,PARC ESTA,906 SIMS AVENUE,35,14,Central Region,LH,18,2018-11-17,829,915,86,0.104,13,1422752,1469000,1717,1606,537,0.3129,-0.0647
newsale,PARC ESTA,908 SIMS AVENUE,36,14,Central Region,LH,18,2019-10-29,635,753,118,0.186,13,1117436,1188000,1760,1577,596,0.3387,-0.1039
newsale,PARC ESTA,908 SIMS AVENUE,37,14,Central Region,LH,18,2019-07-06,635,753,118,0.186,16,1104746,1188000,1740,1577,703,0.4042,-0.0936
newsale,PARC ESTA,908 SIMS AVENUE,38,14,Central Region,LH,18,2019-12-07,926,1055,129,0.14,5,1607520,1697000,1737,1609,693,0.3989,-0.0736
newsale,PARC ESTA,908 SIMS AVENUE,39,14,Central Region,LH,18,2020-08-20,1227,1410,183,0.149,16,2135132,2277000,1740,1615,775,0.4456,-0.0719
newsale,PARC ESTA,908 SIMS AVENUE,40,14,Central Region,LH,18,2019-11-20,700,775,75,0.108,4,1272376,1294000,1819,1670,287,0.1578,-0.0819
newsale,PARC ESTA,908 SIMS AVENUE,41,14,Central Region,LH,18,2020-02-24,700,775,75,0.108,13,1265984,1294000,1809,1670,372,0.2055,-0.0772
newsale,PARC ESTA,908 SIMS AVENUE,42,14,Central Region,LH,18,2020-08-02,1227,1410,183,0.149,11,2125584,2254000,1732,1598,702,0.4052,-0.0772
newsale,PARC ESTA,908 SIMS AVENUE,43,14,Central Region,LH,18,2019-09-20,926,1055,129,0.14,9,1577980,1647000,1705,1561,534,0.3135,-0.0841
newsale,PARC ESTA,910 SIMS AVENUE,44,14,Central Region,LH,18,2019-06-15,635,753,118,0.186,15,1084540,1154000,1708,1532,587,0.3435,-0.1032
newsale,PARC ESTA,910 SIMS AVENUE,45,14,Central Region,LH,18,2020-06-02,635,753,118,0.186,9,1122160,1230000,1767,1632,911,0.5155,-0.0761
newsale,PARC ESTA,910 SIMS AVENUE,46,14,Central Region,LH,18,2019-05-07,829,915,86,0.104,17,1425536,1469000,1720,1606,505,0.2935,-0.0665
newsale,PARC ESTA,910 SIMS AVENUE,48,14,Central Region,LH,18,2020-04-28,721,850,129,0.179,5,1282120,1357000,1778,1596,580,0.3261,-0.1024
newsale,PARC ESTA,910 SIMS AVENUE,49,14,Central Region,LH,18,2019-09-24,710,861,151,0.212,11,1260744,1326000,1775,1540,433,0.244,-0.1323
newsale,PARC ESTA,910 SIMS AVENUE,50,14,Central Region,LH,18,2020-09-13,1119,1335,215,0.192,10,1933320,2094000,1727,1569,746,0.4322,-0.0916
newsale,PARC ESTA,910 SIMS AVENUE,51,14,Central Region,LH,18,2019-06-30,915,1012,97,0.106,16,1561398,1615000,1707,1596,553,0.3242,-0.0647
newsale,PARC ESTA,912 SIMS AVENUE,52,14,Central Region,LH,18,2019-03-10,517,614,97,0.188,17,955472,1058000,1849,1724,1058,0.5723,-0.0675
newsale,PARC ESTA,912 SIMS AVENUE,55,14,Central Region,LH,18,2019-02-17,958,1119,161,0.169,13,1568640,1682000,1637,1503,702,0.4288,-0.0824
newsale,PARC ESTA,912 SIMS AVENUE,57,14,Central Region,LH,18,2020-08-07,743,861,118,0.159,14,1326308,1410000,1786,1637,707,0.3958,-0.0831
newsale,PARC ESTA,912 SIMS AVENUE,58,14,Central Region,LH,18,2020-07-03,635,743,108,0.169,4,1177808,1235000,1855,1663,531,0.2865,-0.1034
newsale,PARC ESTA,912 SIMS AVENUE,60,14,Central Region,LH,18,2019-06-03,840,1023,183,0.218,16,1414590,1518000,1685,1484,565,0.3354,-0.1189
newsale,PARC ESTA,914 SIMS AVENUE,64,14,Central Region,LH,18,2019-10-03,904,1076,172,0.19,13,1468536,1572000,1624,1460,601,0.3699,-0.1008
newsale,PARC ESTA,914 SIMS AVENUE,66,14,Central Region,LH,18,2020-08-23,420,517,97,0.231,5,808588,882000,1926,1707,758,0.3935,-0.1137
newsale,PARC ESTA,914 SIMS AVENUE,67,14,Central Region,LH,18,2020-06-20,517,614,97,0.188,3,984300,1015000,1905,1654,317,0.1663,-0.1316
newsale,PARC ESTA,914 SIMS AVENUE,68,14,Central Region,LH,18,2020-05-14,958,1119,161,0.169,14,1600100,1675000,1670,1496,464,0.2777,-0.1042
newsale,PARC ESTA,914 SIMS AVENUE,69,14,Central Region,LH,18,2021-02-08,1033,1152,118,0.115,10,1816186,1924000,1758,1671,911,0.518,-0.0495
newsale,PARC ESTA,916 SIMS AVENUE,70,14,Central Region,LH,18,2020-10-03,732,850,118,0.162,6,1348500,1406000,1842,1653,486,0.2636,-0.1025
newsale,PARC ESTA,916 SIMS AVENUE,71,14,Central Region,LH,18,2021-02-05,743,861,118,0.159,5,1325720,1425000,1785,1655,839,0.4698,-0.0729
newsale,PARC ESTA,916 SIMS AVENUE,72,14,Central Region,LH,18,2019-02-18,1033,1152,118,0.115,5,1802904,1846000,1745,1603,364,0.2086,-0.0814
newsale,PARC ESTA,916 SIMS AVENUE,73,14,Central Region,LH,18,2020-06-22,958,1119,161,0.169,13,1616016,1690000,1687,1510,458,0.2716,-0.1051
newsale,PARC ESTA,916 SIMS AVENUE,74,14,Central Region,LH,18,2020-06-28,452,549,97,0.214,8,850238,911000,1881,1660,627,0.3335,-0.1176
newsale,PARC ESTA,916 SIMS AVENUE,75,14,Central Region,LH,18,2019-11-20,420,517,97,0.231,12,792582,843000,1888,1632,520,0.2757,-0.1358
newsale,PARC ESTA,916 SIMS AVENUE,77,14,Central Region,LH,18,2020-05-16,1023,1206,183,0.179,16,1736060,1796000,1698,1490,328,0.1929,-0.1225
newsale,PARC ESTA,916 SIMS AVENUE,78,14,Central Region,LH,18,2018-11-19,1399,1604,205,0.146,12,2341486,2420000,1673,1509,384,0.2294,-0.0983
newsale,PARC RIVIERA,101 WEST COAST VALE,01,05,West Region,LH,36,2017-07-07,1152,1679,527,0.458,29,1448700,1568888,1258,934,228,0.1812,-0.2572
newsale,PARC RIVIERA,101 WEST COAST VALE,02,05,West Region,LH,36,2017-02-12,646,969,323,0.5,30,881382,962000,1365,993,250,0.1829,-0.2724
newsale,PARC RIVIERA,101 WEST COAST VALE,03,05,West Region,LH,36,2017-01-28,463,667,205,0.442,29,616448,665000,1332,996,237,0.1782,-0.2518
newsale,PARC RIVIERA,101 WEST COAST VALE,05,05,West Region,LH,36,2017-08-08,904,1335,431,0.476,30,1192128,1287000,1318,964,220,0.1671,-0.2687
newsale,PARC RIVIERA,101 WEST COAST VALE,06,05,West Region,LH,36,2017-05-27,990,1421,431,0.435,35,1260000,1385025,1272,975,290,0.2282,-0.2339
newsale,PARC RIVIERA,101 WEST COAST VALE,07,05,West Region,LH,36,2017-04-21,710,1033,323,0.455,34,965996,1017530,1360,985,160,0.1174,-0.2758
newsale,PARC RIVIERA,101 WEST COAST VALE,08,05,West Region,LH,36,2017-02-18,603,926,323,0.536,33,828576,911000,1375,984,255,0.1857,-0.2841
newsale,PARC RIVIERA,101 WEST COAST VALE,09,05,West Region,LH,36,2017-05-19,603,926,323,0.536,34,828784,911000,1375,984,255,0.1852,-0.2842
newsale,PARC RIVIERA,101 WEST COAST VALE,10,05,West Region,LH,36,2017-04-11,710,1033,323,0.455,34,960124,1028020,1351,995,210,0.1556,-0.2639
newsale,PARC RIVIERA,101 WEST COAST VALE,11,05,West Region,LH,36,2017-03-31,1184,1711,527,0.445,31,1481396,1637000,1251,956,295,0.2358,-0.2355
newsale,PARC RIVIERA,103 WEST COAST VALE,12,05,West Region,LH,36,2017-02-20,1152,1679,527,0.458,23,1442912,1591000,1253,947,281,0.2241,-0.2437
newsale,PARC RIVIERA,103 WEST COAST VALE,13,05,West Region,LH,36,2017-05-13,646,969,323,0.5,30,882060,952380,1366,983,218,0.1594,-0.2802
newsale,PARC RIVIERA,103 WEST COAST VALE,14,05,West Region,LH,36,2016-12-28,463,667,205,0.442,28,620550,665000,1341,996,217,0.1621,-0.2568
newsale,PARC RIVIERA,103 WEST COAST VALE,15,05,West Region,LH,36,2017-03-01,463,667,205,0.442,29,619776,665000,1339,996,221,0.1651,-0.2559
newsale,PARC RIVIERA,103 WEST COAST VALE,16,05,West Region,LH,36,2018-05-04,904,1335,431,0.476,11,1191360,1488000,1318,1115,689,0.5229,-0.1539
newsale,PARC RIVIERA,103 WEST COAST VALE,17,05,West Region,LH,36,2017-09-05,990,1421,431,0.435,34,1269230,1388025,1282,977,276,0.2153,-0.2378
newsale,PARC RIVIERA,103 WEST COAST VALE,18,05,West Region,LH,36,2017-05-17,710,1033,323,0.455,34,965260,1049000,1359,1015,259,0.1909,-0.2529
newsale,PARC RIVIERA,103 WEST COAST VALE,19,05,West Region,LH,36,2017-10-09,603,926,323,0.536,30,829016,910000,1375,983,251,0.1823,-0.2852
newsale,PARC RIVIERA,103 WEST COAST VALE,20,05,West Region,LH,36,2017-05-12,603,926,323,0.536,34,828330,920000,1374,994,284,0.2066,-0.2768
newsale,PARC RIVIERA,103 WEST COAST VALE,21,05,West Region,LH,36,2017-06-03,710,1033,323,0.455,34,969050,1045000,1364,1011,235,0.1724,-0.2586
newsale,PARC RIVIERA,103 WEST COAST VALE,22,05,West Region,LH,36,2017-11-28,1184,1711,527,0.445,31,1505520,1654000,1272,966,282,0.2214,-0.2399
newsale,PARK COLONIAL,10 WOODLEIGH LANE,41,13,Central Region,LH,14,2018-07-05,635,829,194,0.305,13,1128496,1208000,1777,1457,410,0.2309,-0.1798
newsale,PARK COLONIAL,10 WOODLEIGH LANE,42,13,Central Region,LH,14,2018-12-07,980,1195,215,0.22,13,1629528,1705000,1664,1427,351,0.2107,-0.1422
newsale,PARK COLONIAL,10 WOODLEIGH LANE,43,13,Central Region,LH,14,2018-07-08,1066,1442,377,0.354,13,1780200,1887000,1671,1308,283,0.1697,-0.2169
newsale,PARK COLONIAL,10 WOODLEIGH LANE,44,13,Central Region,LH,14,2018-10-06,635,829,194,0.305,10,1164433,1209000,1834,1459,230,0.1255,-0.2044
newsale,PARK COLONIAL,10 WOODLEIGH LANE,45,13,Central Region,LH,14,2018-12-03,635,829,194,0.305,13,1136904,1214000,1790,1465,398,0.2223,-0.1818
newsale,PARK COLONIAL,10 WOODLEIGH LANE,46,13,Central Region,LH,14,2018-07-05,980,1195,215,0.22,13,1645328,1739000,1680,1455,435,0.259,-0.1335
newsale,PARK COLONIAL,10 WOODLEIGH LANE,47,13,Central Region,LH,14,2019-04-27,1711,2185,474,0.277,4,3054188,3183000,1785,1457,272,0.1524,-0.1837
newsale,PARK COLONIAL,10 WOODLEIGH LANE,48,13,Central Region,LH,14,2018-09-15,603,818,215,0.357,13,1188072,1277000,1971,1561,413,0.2096,-0.208
newsale,PARK COLONIAL,12 WOODLEIGH LANE,49,13,Central Region,LH,15,2018-11-04,603,818,215,0.357,4,1260128,1350000,2091,1650,417,0.1997,-0.2106
newsale,PARK COLONIAL,12 WOODLEIGH LANE,50,13,Central Region,LH,15,2019-05-08,1711,2185,474,0.277,9,3001292,3136000,1754,1435,284,0.1622,-0.1816
newsale,PARK COLONIAL,12 WOODLEIGH LANE,51,13,Central Region,LH,15,2018-07-07,980,1195,215,0.22,14,1657606,1744000,1692,1460,401,0.2371,-0.1375
newsale,PARK COLONIAL,12 WOODLEIGH LANE,52,13,Central Region,LH,15,2018-09-19,635,829,194,0.305,14,1140286,1218000,1795,1470,401,0.2234,-0.1815
newsale,PARK COLONIAL,12 WOODLEIGH LANE,53,13,Central Region,LH,15,2018-08-10,635,829,194,0.305,12,1141174,1218000,1797,1470,397,0.2207,-0.1822
newsale,PARK COLONIAL,12 WOODLEIGH LANE,54,13,Central Region,LH,15,2018-10-10,980,1195,215,0.22,13,1663628,1744000,1698,1460,373,0.2198,-0.1406
newsale,PARK COLONIAL,12 WOODLEIGH LANE,55,13,Central Region,LH,15,2018-09-19,1410,1851,441,0.313,7,2486088,2600000,1763,1404,258,0.1464,-0.2035
newsale,PARK COLONIAL,12 WOODLEIGH LANE,56,13,Central Region,LH,15,2018-09-17,635,829,194,0.305,14,1306950,1387000,2058,1673,413,0.2008,-0.1868
newsale,PARK COLONIAL,2 WOODLEIGH LANE,01,13,Central Region,LH,15,2018-07-07,678,872,194,0.286,3,1309624,1388000,1931,1592,405,0.2095,-0.1757
newsale,PARK COLONIAL,2 WOODLEIGH LANE,02,13,Central Region,LH,15,2018-07-05,1249,1658,409,0.328,9,2236860,2353000,1791,1419,284,0.1585,-0.2076
newsale,PARK COLONIAL,2 WOODLEIGH LANE,03,13,Central Region,LH,15,2018-07-14,1087,1464,377,0.347,14,1960880,2068000,1804,1413,284,0.1576,-0.2168
newsale,PARK COLONIAL,2 WOODLEIGH LANE,04,13,Central Region,LH,15,2018-07-05,678,872,194,0.286,14,1243090,1320000,1833,1514,397,0.2165,-0.1741
newsale,PARK COLONIAL,2 WOODLEIGH LANE,05,13,Central Region,LH,15,2018-08-07,678,872,194,0.286,12,1211056,1288000,1786,1477,397,0.2224,-0.1728
newsale,PARK COLONIAL,2 WOODLEIGH LANE,06,13,Central Region,LH,15,2018-12-03,1023,1346,323,0.316,12,1757994,1849000,1719,1374,282,0.1639,-0.2007
newsale,PARK COLONIAL,2 WOODLEIGH LANE,07,13,Central Region,LH,15,2019-02-02,1012,1335,323,0.319,3,1898220,1998000,1876,1497,309,0.1647,-0.2021
newsale,PARK COLONIAL,2 WOODLEIGH LANE,08,13,Central Region,LH,15,2018-07-06,743,958,215,0.29,7,1444464,1532000,1945,1599,407,0.2091,-0.1777
newsale,PARK COLONIAL,4 WOODLEIGH LANE,09,13,Central Region,LH,15,2018-07-12,603,818,215,0.357,12,1102770,1189000,1829,1453,401,0.2189,-0.2055
newsale,PARK COLONIAL,4 WOODLEIGH LANE,10,13,Central Region,LH,15,2018-09-22,980,1195,215,0.22,8,1663654,1735000,1698,1452,331,0.1951,-0.145
newsale,PARK COLONIAL,4 WOODLEIGH LANE,11,13,Central Region,LH,15,2019-05-21,980,1195,215,0.22,5,1876552,1969000,1916,1648,429,0.2242,-0.1398
newsale,PARK COLONIAL,4 WOODLEIGH LANE,12,13,Central Region,LH,15,2019-05-18,678,872,194,0.286,7,1387520,1465000,2046,1680,400,0.1954,-0.1788
newsale,PARK COLONIAL,4 WOODLEIGH LANE,13,13,Central Region,LH,15,2018-09-17,678,872,194,0.286,14,1291614,1360000,1905,1560,353,0.1853,-0.181
newsale,PARK COLONIAL,4 WOODLEIGH LANE,14,13,Central Region,LH,15,2020-12-03,980,1195,215,0.22,7,1911480,1970100,1951,1649,272,0.1395,-0.155
newsale,PARK COLONIAL,4 WOODLEIGH LANE,15,13,Central Region,LH,15,2018-07-13,980,1195,215,0.22,8,1729176,1778000,1765,1488,227,0.1285,-0.157
newsale,PARK COLONIAL,4 WOODLEIGH LANE,16,13,Central Region,LH,15,2018-09-10,603,818,215,0.357,14,1104526,1189000,1832,1453,392,0.2141,-0.2068
newsale,PARK COLONIAL,6 WOODLEIGH LANE,17,13,Central Region,LH,15,2018-08-12,463,667,205,0.442,11,866848,951000,1873,1425,411,0.2197,-0.2391
newsale,PARK COLONIAL,6 WOODLEIGH LANE,18,13,Central Region,LH,15,2018-08-07,570,764,194,0.34,14,1042208,1125000,1827,1472,427,0.2339,-0.1942
newsale,PARK COLONIAL,6 WOODLEIGH LANE,19,13,Central Region,LH,15,2019-04-05,1367,1808,441,0.323,3,2390960,2500000,1749,1382,247,0.1413,-0.2096
newsale,PARK COLONIAL,6 WOODLEIGH LANE,20,13,Central Region,LH,15,2019-05-10,678,872,194,0.286,5,1387204,1465000,2046,1680,402,0.1963,-0.1786
newsale,PARK COLONIAL,6 WOODLEIGH LANE,21,13,Central Region,LH,15,2019-09-26,678,872,194,0.286,5,1415848,1490000,2088,1709,383,0.1833,-0.1815
newsale,PARK COLONIAL,6 WOODLEIGH LANE,22,13,Central Region,LH,15,2019-06-08,1184,1518,334,0.282,9,2198392,2294000,1857,1511,287,0.1543,-0.1859
newsale,PARK COLONIAL,6 WOODLEIGH LANE,23,13,Central Region,LH,15,2018-12-08,936,1152,215,0.23,14,1602796,1680000,1712,1459,359,0.2095,-0.1478
newsale,PARK COLONIAL,6 WOODLEIGH LANE,24,13,Central Region,LH,15,2019-06-11,463,667,205,0.442,6,888798,976000,1920,1462,426,0.222,-0.2384
newsale,PARK COLONIAL,8 WOODLEIGH LANE,25,13,Central Region,LH,14,2019-04-20,506,732,226,0.447,7,974876,1063000,1927,1452,390,0.2023,-0.2463
newsale,PARK COLONIAL,8 WOODLEIGH LANE,26,13,Central Region,LH,14,2018-10-13,624,850,226,0.362,13,1140360,1239000,1827,1457,436,0.2389,-0.2023
newsale,PARK COLONIAL,8 WOODLEIGH LANE,27,13,Central Region,LH,14,2018-07-05,624,850,226,0.362,13,1104400,1190000,1769,1399,379,0.2141,-0.2089
newsale,PARK COLONIAL,8 WOODLEIGH LANE,28,13,Central Region,LH,14,2018-07-05,463,667,205,0.442,12,850880,935000,1838,1401,411,0.2237,-0.2379
newsale,PARK COLONIAL,8 WOODLEIGH LANE,29,13,Central Region,LH,14,2019-02-23,463,667,205,0.442,13,845376,959000,1826,1437,556,0.3042,-0.2132
newsale,PARK COLONIAL,8 WOODLEIGH LANE,30,13,Central Region,LH,14,2018-07-15,463,667,205,0.442,13,845376,890000,1826,1334,218,0.1195,-0.2698
newsale,PARK COLONIAL,8 WOODLEIGH LANE,31,13,Central Region,LH,14,2019-02-27,463,667,205,0.442,13,845376,959000,1826,1437,556,0.3042,-0.2132
newsale,PARK COLONIAL,8 WOODLEIGH LANE,32,13,Central Region,LH,14,2018-07-15,463,667,205,0.442,12,845292,930000,1826,1394,414,0.2268,-0.237
newsale,PARK COLONIAL,8 WOODLEIGH LANE,33,13,Central Region,LH,14,2018-07-27,463,667,205,0.442,12,845292,930000,1826,1394,414,0.2268,-0.237
newsale,PARK COLONIAL,8 WOODLEIGH LANE,34,13,Central Region,LH,14,2019-03-09,463,667,205,0.442,12,840992,954000,1817,1429,553,0.3041,-0.2133
newsale,PARK COLONIAL,8 WOODLEIGH LANE,35,13,Central Region,LH,14,2018-07-05,915,1130,215,0.235,13,1513944,1593000,1655,1409,367,0.2219,-0.1482
newsale,PARK COLONIAL,8 WOODLEIGH LANE,36,13,Central Region,LH,14,2019-03-29,1066,1442,377,0.354,8,2055136,2171000,1929,1505,308,0.1595,-0.2195
newsale,PARK COLONIAL,8 WOODLEIGH LANE,38,13,Central Region,LH,14,2019-01-29,667,861,194,0.29,12,1373614,1472000,2058,1709,508,0.2467,-0.1695
newsale,PARK COLONIAL,8 WOODLEIGH LANE,39,13,Central Region,LH,14,2018-12-13,667,861,194,0.29,13,1284640,1363000,1925,1583,404,0.2101,-0.1777
newsale,PARK COLONIAL,8 WOODLEIGH LANE,40,13,Central Region,LH,14,2018-10-27,463,667,205,0.442,13,894608,979000,1933,1467,413,0.2135,-0.241
newsale,PARKWOOD RESIDENCES,208 YIO CHU KANG ROAD,04,19,North East Region,LH,5,2022-07-16,936,1044,108,0.115,3,1456804,1580593,1556,1514,1150,0.7393,-0.0269
newsale,PARQ BELLA,234 TEMBELING ROAD,04,15,Central Region,FH,5,2023-08-25,926,1076,151,0.163,3,2216832,2249420,2395,2090,216,0.0903,-0.1274
newsale,PARQ BELLA,234 TEMBELING ROAD,05,15,Central Region,FH,5,2023-10-15,1098,1302,205,0.186,3,2581488,2710000,2351,2081,628,0.2673,-0.1151
newsale,PICCADILLY GRAND,1 NORTHUMBERLAND ROAD,01,08,Central Region,LH,23,2023-06-13,1410,1744,334,0.237,11,3090880,3246000,2192,1861,465,0.2121,-0.1508
newsale,PICCADILLY GRAND,1 NORTHUMBERLAND ROAD,02,08,Central Region,LH,23,2023-06-01,1582,1894,312,0.197,8,3260520,3449000,2061,1821,604,0.293,-0.1165
newsale,PICCADILLY GRAND,1 NORTHUMBERLAND ROAD,03,08,Central Region,LH,23,2022-05-07,710,872,161,0.227,19,1632624,1731000,2298,1985,609,0.2651,-0.1361
newsale,PICCADILLY GRAND,1 NORTHUMBERLAND ROAD,04,08,Central Region,LH,23,2022-08-26,1076,1346,269,0.25,19,2394936,2524000,2225,1876,480,0.2156,-0.1569
newsale,PICCADILLY GRAND,1 NORTHUMBERLAND ROAD,05,08,Central Region,LH,23,2022-09-18,1098,1356,258,0.235,19,2374848,2536000,2163,1870,624,0.2884,-0.1355
newsale,PICCADILLY GRAND,1 NORTHUMBERLAND ROAD,06,08,Central Region,LH,23,2022-05-07,646,818,172,0.267,19,1499680,1623000,2322,1984,716,0.3084,-0.1456
newsale,PICCADILLY GRAND,3 NORTHUMBERLAND ROAD,07,08,Central Region,LH,23,2022-08-23,646,818,172,0.267,19,1490684,1736000,2308,2122,1424,0.6171,-0.0806
newsale,PICCADILLY GRAND,3 NORTHUMBERLAND ROAD,08,08,Central Region,LH,23,2022-05-07,1389,1658,269,0.194,5,3008720,3118000,2167,1881,406,0.1874,-0.1319
newsale,PICCADILLY GRAND,3 NORTHUMBERLAND ROAD,09,08,Central Region,LH,23,2023-01-28,1679,2045,366,0.218,19,3476752,3684000,2071,1801,566,0.2735,-0.13
newsale,PICCADILLY GRAND,3 NORTHUMBERLAND ROAD,10,08,Central Region,LH,23,2022-05-07,710,872,161,0.227,18,1638476,1738000,2306,1993,616,0.2673,-0.1357
newsale,PICCADILLY GRAND,3 NORTHUMBERLAND ROAD,12,08,Central Region,LH,23,2022-05-06,883,1066,183,0.207,19,1936032,2032000,2193,1907,524,0.2391,-0.1307
newsale,PICCADILLY GRAND,3 NORTHUMBERLAND ROAD,13,08,Central Region,LH,23,2022-05-08,517,689,172,0.333,19,1260480,1380000,2440,2003,694,0.2845,-0.1789
newsale,PICCADILLY GRAND,5 NORTHUMBERLAND ROAD,14,08,Central Region,LH,23,2022-05-07,484,624,140,0.289,20,1167034,1273000,2409,2039,757,0.3143,-0.1537
newsale,PICCADILLY GRAND,5 NORTHUMBERLAND ROAD,15,08,Central Region,LH,23,2023-07-13,1378,1647,269,0.195,12,2948886,3083000,2140,1872,498,0.2329,-0.1254
newsale,PICCADILLY GRAND,5 NORTHUMBERLAND ROAD,16,08,Central Region,LH,23,2022-05-07,710,872,161,0.227,19,1620128,1725000,2281,1978,650,0.2848,-0.1324
newsale,PICCADILLY GRAND,5 NORTHUMBERLAND ROAD,18,08,Central Region,LH,23,2022-05-07,1076,1346,269,0.25,20,2352740,2517000,2186,1871,610,0.2793,-0.1441
newsale,PICCADILLY GRAND,5 NORTHUMBERLAND ROAD,19,08,Central Region,LH,23,2022-05-07,678,829,151,0.222,19,1529840,1634000,2256,1971,691,0.3064,-0.1261
newsale,PICCADILLY GRAND,5 NORTHUMBERLAND ROAD,20,08,Central Region,LH,23,2022-05-07,517,689,172,0.333,20,1234764,1356000,2390,1968,704,0.2945,-0.1764
newsale,PINETREE HILL,30 PINE GROVE,01,21,Central Region,LH,24,2024-09-08,969,1173,205,0.211,6,2408332,2530000,2486,2156,595,0.2393,-0.1326
newsale,PINETREE HILL,30 PINE GROVE,04,21,Central Region,LH,24,2026-01-30,1216,1421,205,0.168,6,3116696,3174000,2562,2234,280,0.1093,-0.1282
newsale,PINETREE HILL,30 PINE GROVE,05,21,Central Region,LH,24,2025-01-18,1464,1668,205,0.14,14,3972052,4070000,2713,2439,479,0.1765,-0.1009
newsale,PINETREE HILL,30 PINE GROVE,06,21,Central Region,LH,24,2025-02-07,700,850,151,0.215,7,1790100,1820000,2559,2140,198,0.0775,-0.1635
newsale,PINETREE HILL,30 PINE GROVE,07,21,Central Region,LH,24,2024-10-20,764,915,151,0.197,12,1996132,2079000,2612,2272,550,0.2105,-0.13
newsale,PINETREE HILL,30 PINE GROVE,08,21,Central Region,LH,24,2025-08-18,1292,1485,194,0.15,9,3546048,3604000,2745,2426,299,0.109,-0.1162
newsale,PINETREE HILL,32 PINE GROVE,09,21,Central Region,LH,24,2026-02-02,1216,1421,205,0.168,8,3237802,3295000,2662,2319,280,0.1051,-0.1288
newsale,PINETREE HILL,32 PINE GROVE,12,21,Central Region,LH,24,2025-01-25,969,1163,194,0.2,10,2583968,2643000,2667,2274,305,0.1142,-0.1476
newsale,PINETREE HILL,32 PINE GROVE,13,21,Central Region,LH,24,2025-05-24,1292,1485,194,0.15,21,3510864,3574000,2718,2406,326,0.1199,-0.1148
newsale,PINETREE HILL,32 PINE GROVE,14,21,Central Region,LH,24,2025-01-28,764,915,151,0.197,16,1995094,2079000,2611,2272,557,0.2133,-0.1296
newsale,PINETREE HILL,32 PINE GROVE,15,21,Central Region,LH,24,2024-10-26,700,850,151,0.215,12,1777062,1819000,2540,2139,278,0.1096,-0.1578
newsale,PINETREE HILL,32 PINE GROVE,16,21,Central Region,LH,24,2025-02-06,1216,1421,205,0.168,5,3241284,3291000,2665,2316,243,0.0912,-0.1308
newsale,PINETREE HILL,36 PINE GROVE,17,21,Central Region,LH,24,2024-10-03,1464,1668,205,0.14,14,3784224,3758000,2585,2252,-128,-0.0496,-0.1287
newsale,PINETREE HILL,36 PINE GROVE,20,21,Central Region,LH,24,2025-01-30,969,1163,194,0.2,13,2586448,2671000,2670,2298,436,0.1635,-0.1394
newsale,PINETREE HILL,36 PINE GROVE,23,21,Central Region,LH,24,2026-02-23,1216,1421,205,0.168,15,3309320,3376000,2721,2376,326,0.1198,-0.1267
newsale,PRINCIPAL GARDEN,95 PRINCE CHARLES CRESCENT,09,03,Central Region,LH,24,2017-01-12,1572,2347,775,0.493,12,2665776,3998000,1696,1704,1719,1.0134,0.0044
newsale,PROMENADE PEAK,1 ZION PROMENADE,12,03,Central Region,LH,45,2025-10-11,1033,1421,388,0.375,37,3274197,4494600,3169,3163,3149,0.9939,-0.0017
newsale,QUEENS PEAK,1 DUNDEE ROAD,01,03,Central Region,LH,42,2017-10-06,775,936,161,0.208,8,1400082,1626242,1807,1737,1401,0.7754,-0.0387
newsale,QUEENS PEAK,1 DUNDEE ROAD,13,03,Central Region,LH,43,2017-06-04,947,1055,108,0.114,19,1597728,1835000,1687,1740,2204,1.3068,0.0313
newsale,QUEENS PEAK,3 DUNDEE ROAD,20,03,Central Region,LH,42,2017-07-26,775,936,161,0.208,19,1381104,1659430,1782,1772,1724,0.9673,-0.0056
newsale,REZI 24,39 LORONG 24 GEYLANG,13,14,Central Region,FH,8,2021-01-07,1001,1184,183,0.183,4,1575873,1842900,1574,1556,1459,0.927,-0.0113
newsale,REZI 35,20 LORONG 35 GEYLANG,03,14,Central Region,FH,8,2017-11-05,646,893,248,0.383,5,990434,1187000,1534,1329,794,0.5177,-0.1336
newsale,REZI 35,20 LORONG 35 GEYLANG,07,14,Central Region,FH,8,2018-01-15,840,1281,441,0.526,4,1202926,1594300,1433,1245,887,0.619,-0.1313
newsale,RIVERFRONT RESIDENCES,41 HOUGANG AVENUE 7,02,19,North East Region,LH,17,2021-04-18,915,1087,172,0.188,11,1298364,1359000,1419,1250,352,0.2481,-0.1191
newsale,RIVERFRONT RESIDENCES,41 HOUGANG AVENUE 7,03,19,North East Region,LH,17,2018-09-20,1109,1292,183,0.165,11,1451784,1547000,1309,1198,520,0.3974,-0.0854
newsale,RIVERFRONT RESIDENCES,41 HOUGANG AVENUE 7,04,19,North East Region,LH,17,2018-07-05,614,732,118,0.193,14,851576,902000,1388,1232,426,0.3068,-0.1121
newsale,RIVERFRONT RESIDENCES,41 HOUGANG AVENUE 7,05,19,North East Region,LH,17,2018-08-11,463,581,118,0.256,16,665260,699000,1437,1203,285,0.1982,-0.1633
newsale,RIVERFRONT RESIDENCES,41 HOUGANG AVENUE 7,06,19,North East Region,LH,17,2018-07-05,872,1033,161,0.185,14,1208354,1263000,1386,1222,338,0.2442,-0.1181
newsale,RIVERFRONT RESIDENCES,41 HOUGANG AVENUE 7,07,19,North East Region,LH,17,2018-07-05,517,635,118,0.229,16,745832,784000,1444,1234,322,0.2233,-0.1448
newsale,RIVERFRONT RESIDENCES,41 HOUGANG AVENUE 7,08,19,North East Region,LH,17,2018-10-18,1066,1249,183,0.172,10,1420752,1517000,1333,1215,526,0.3945,-0.0887
newsale,RIVERFRONT RESIDENCES,41 HOUGANG AVENUE 7,11,19,North East Region,LH,17,2020-04-06,463,581,118,0.256,4,661546,691000,1429,1189,249,0.174,-0.1683
newsale,RIVERFRONT RESIDENCES,41 HOUGANG AVENUE 7,13,19,North East Region,LH,17,2021-01-26,517,635,118,0.229,7,754992,812112,1461,1279,482,0.3301,-0.1249
newsale,RIVERFRONT RESIDENCES,41 HOUGANG AVENUE 7,14,19,North East Region,LH,17,2020-04-30,463,581,118,0.256,4,665082,695000,1437,1196,253,0.1758,-0.1679
newsale,RIVERFRONT RESIDENCES,43 HOUGANG AVENUE 7,15,19,North East Region,LH,17,2021-01-22,915,1087,172,0.188,7,1286163,1350112,1406,1242,371,0.2641,-0.1166
newsale,RIVERFRONT RESIDENCES,43 HOUGANG AVENUE 7,16,19,North East Region,LH,17,2020-02-15,721,861,140,0.194,5,971040,1062000,1346,1233,650,0.4828,-0.084
newsale,RIVERFRONT RESIDENCES,43 HOUGANG AVENUE 7,17,19,North East Region,LH,17,2019-06-15,721,861,140,0.194,15,952536,1001000,1321,1162,346,0.2622,-0.1199
newsale,RIVERFRONT RESIDENCES,43 HOUGANG AVENUE 7,18,19,North East Region,LH,17,2021-02-06,915,1087,172,0.188,9,1287377,1346112,1407,1238,341,0.2424,-0.12
newsale,RIVERFRONT RESIDENCES,43 HOUGANG AVENUE 7,19,19,North East Region,LH,17,2021-03-09,915,1087,172,0.188,9,1257916,1339000,1375,1232,471,0.3424,-0.1042
newsale,RIVERFRONT RESIDENCES,45 HOUGANG AVENUE 7,23,19,North East Region,LH,17,2020-07-31,517,635,118,0.229,6,757472,799000,1466,1258,351,0.2392,-0.1418
newsale,RIVERFRONT RESIDENCES,45 HOUGANG AVENUE 7,24,19,North East Region,LH,17,2020-04-26,463,581,118,0.256,3,671968,702000,1452,1208,254,0.1747,-0.1681
newsale,RIVERFRONT RESIDENCES,45 HOUGANG AVENUE 7,26,19,North East Region,LH,17,2019-09-19,517,635,118,0.229,14,750502,792000,1453,1247,350,0.2413,-0.1415
newsale,RIVERFRONT RESIDENCES,45 HOUGANG AVENUE 7,28,19,North East Region,LH,17,2021-07-26,1410,1625,215,0.153,10,1978593,1985862,1403,1222,34,0.0241,-0.1293
newsale,RIVERFRONT RESIDENCES,45 HOUGANG AVENUE 7,29,19,North East Region,LH,17,2018-08-14,463,581,118,0.256,14,663832,701000,1434,1206,314,0.2189,-0.1591
newsale,RIVERFRONT RESIDENCES,45 HOUGANG AVENUE 7,30,19,North East Region,LH,17,2018-09-12,614,732,118,0.193,14,847472,898000,1381,1227,427,0.309,-0.1118
newsale,RIVERFRONT RESIDENCES,45 HOUGANG AVENUE 7,31,19,North East Region,LH,17,2018-12-04,721,861,140,0.194,15,957440,1005000,1328,1167,340,0.256,-0.1209
newsale,RIVERFRONT RESIDENCES,47 HOUGANG AVENUE 7,34,19,North East Region,LH,17,2020-07-19,517,635,118,0.229,10,746544,787000,1445,1239,342,0.2365,-0.1424
newsale,RIVERFRONT RESIDENCES,47 HOUGANG AVENUE 7,35,19,North East Region,LH,17,2020-04-04,463,581,118,0.256,4,658866,689000,1423,1185,254,0.1788,-0.1673
newsale,RIVERFRONT RESIDENCES,47 HOUGANG AVENUE 7,36,19,North East Region,LH,17,2020-04-17,463,581,118,0.256,3,658812,689000,1423,1185,255,0.1791,-0.1672
newsale,RIVERFRONT RESIDENCES,47 HOUGANG AVENUE 7,37,19,North East Region,LH,17,2019-12-01,517,635,118,0.229,14,716658,782000,1387,1231,552,0.3978,-0.1123
newsale,RIVERFRONT RESIDENCES,47 HOUGANG AVENUE 7,38,19,North East Region,LH,17,2018-08-10,1109,1292,183,0.165,11,1451436,1529000,1309,1184,424,0.3238,-0.0958
newsale,RIVERFRONT RESIDENCES,47 HOUGANG AVENUE 7,39,19,North East Region,LH,17,2018-07-05,721,861,140,0.194,15,967680,1015000,1342,1179,338,0.252,-0.1215
newsale,RIVERFRONT RESIDENCES,47 HOUGANG AVENUE 7,40,19,North East Region,LH,17,2018-07-05,614,732,118,0.193,14,848468,901000,1383,1231,444,0.3208,-0.1099
newsale,RIVERFRONT RESIDENCES,47 HOUGANG AVENUE 7,41,19,North East Region,LH,17,2018-07-17,463,581,118,0.256,16,664332,694000,1435,1194,251,0.1746,-0.1682
newsale,RIVERFRONT RESIDENCES,47 HOUGANG AVENUE 7,42,19,North East Region,LH,17,2019-04-28,1410,1625,215,0.153,3,1849416,1940000,1312,1194,421,0.3208,-0.09
newsale,RIVERFRONT RESIDENCES,49 HOUGANG AVENUE 7,43,19,North East Region,LH,17,2020-04-05,463,581,118,0.256,3,648208,695000,1400,1196,395,0.2822,-0.1462
newsale,RIVERFRONT RESIDENCES,49 HOUGANG AVENUE 7,46,19,North East Region,LH,17,2019-09-11,872,1033,161,0.185,3,1237152,1300000,1419,1258,389,0.2743,-0.1134
newsale,RIVERFRONT RESIDENCES,49 HOUGANG AVENUE 7,47,19,North East Region,LH,17,2020-03-16,1066,1249,183,0.172,4,1361620,1481000,1278,1186,652,0.5106,-0.0717
newsale,RIVERFRONT RESIDENCES,49 HOUGANG AVENUE 7,48,19,North East Region,LH,17,2020-10-16,872,1033,161,0.185,3,1187076,1272000,1362,1231,526,0.3863,-0.0959
newsale,RIVERFRONT RESIDENCES,51 HOUGANG AVENUE 7,49,19,North East Region,LH,17,2020-03-09,872,1033,161,0.185,6,1216312,1314000,1395,1272,605,0.4337,-0.0885
newsale,RIVERFRONT RESIDENCES,51 HOUGANG AVENUE 7,50,19,North East Region,LH,17,2019-07-26,517,635,118,0.229,7,751968,775000,1455,1220,195,0.1336,-0.1615
newsale,RIVERFRONT RESIDENCES,51 HOUGANG AVENUE 7,51,19,North East Region,LH,17,2019-11-17,1066,1249,183,0.172,8,1401960,1491930,1316,1195,492,0.3737,-0.0918
newsale,RIVERFRONT RESIDENCES,51 HOUGANG AVENUE 7,52,19,North East Region,LH,17,2019-04-30,603,689,86,0.143,9,838656,902000,1391,1309,736,0.5287,-0.0589
newsale,RIVERFRONT RESIDENCES,51 HOUGANG AVENUE 7,53,19,North East Region,LH,17,2019-08-13,463,581,118,0.256,5,642560,678000,1388,1166,299,0.2156,-0.1598
newsale,RIVERFRONT RESIDENCES,51 HOUGANG AVENUE 7,55,19,North East Region,LH,17,2019-11-21,517,635,118,0.229,8,715070,746760,1384,1176,268,0.1934,-0.1504
newsale,RIVERFRONT RESIDENCES,51 HOUGANG AVENUE 7,56,19,North East Region,LH,17,2019-11-01,517,635,118,0.229,8,723552,741000,1400,1167,147,0.1052,-0.1668
newsale,RIVERFRONT RESIDENCES,51 HOUGANG AVENUE 7,57,19,North East Region,LH,17,2018-10-08,463,581,118,0.256,13,632220,670000,1366,1153,319,0.2336,-0.1561
newsale,RIVERFRONT RESIDENCES,51 HOUGANG AVENUE 7,58,19,North East Region,LH,17,2019-03-03,614,732,118,0.193,14,825976,871000,1346,1190,380,0.2825,-0.1161
newsale,RIVERFRONT RESIDENCES,51 HOUGANG AVENUE 7,59,19,North East Region,LH,17,2021-02-21,915,1087,172,0.188,13,1301216,1372112,1422,1262,412,0.2895,-0.1126
newsale,RIVERFRONT RESIDENCES,51 HOUGANG AVENUE 7,60,19,North East Region,LH,17,2019-09-13,1109,1292,183,0.165,13,1429680,1480000,1290,1146,275,0.2132,-0.1115
newsale,RIVERFRONT RESIDENCES,51 HOUGANG AVENUE 7,61,19,North East Region,LH,17,2018-07-05,614,732,118,0.193,14,845420,896000,1378,1224,427,0.31,-0.1116
newsale,RIVERFRONT RESIDENCES,51 HOUGANG AVENUE 7,62,19,North East Region,LH,17,2018-07-06,463,581,118,0.256,16,661254,691000,1429,1189,251,0.1758,-0.1679
newsale,RIVERFRONT RESIDENCES,53 HOUGANG AVENUE 7,63,19,North East Region,LH,17,2020-06-23,915,1087,172,0.188,3,1307328,1369000,1429,1259,358,0.2506,-0.1187
newsale,RIVERFRONT RESIDENCES,53 HOUGANG AVENUE 7,64,19,North East Region,LH,17,2018-07-05,721,861,140,0.194,13,953344,1001000,1322,1162,341,0.2576,-0.1206
newsale,RIVERFRONT RESIDENCES,53 HOUGANG AVENUE 7,65,19,North East Region,LH,17,2018-08-06,721,861,140,0.194,12,957610,1016000,1328,1180,417,0.3143,-0.1114
newsale,RIVERFRONT RESIDENCES,53 HOUGANG AVENUE 7,66,19,North East Region,LH,17,2020-08-01,915,1087,172,0.188,3,1310496,1367000,1432,1257,328,0.2291,-0.1221
newsale,RIVERFRONT RESIDENCES,53 HOUGANG AVENUE 7,67,19,North East Region,LH,17,2019-11-04,915,1087,172,0.188,10,1289092,1334000,1409,1227,261,0.1851,-0.1291
newsale,RIVERFRONT RESIDENCES,53 HOUGANG AVENUE 7,68,19,North East Region,LH,17,2019-03-05,614,732,118,0.193,16,850776,931000,1387,1272,678,0.4886,-0.0827
newsale,RIVERFRONT RESIDENCES,53 HOUGANG AVENUE 7,69,19,North East Region,LH,17,2018-07-06,614,732,118,0.193,16,851576,902000,1388,1232,426,0.3068,-0.1121
newsale,RIVERFRONT RESIDENCES,53 HOUGANG AVENUE 7,70,19,North East Region,LH,17,2019-07-23,915,1087,172,0.188,12,1267882,1310000,1386,1205,245,0.1765,-0.1305
newsale,RIVERFRONT RESIDENCES,55 HOUGANG AVENUE 7,71,19,North East Region,LH,17,2018-07-06,517,635,118,0.229,16,739022,778000,1430,1225,329,0.2301,-0.1435
newsale,RIVERFRONT RESIDENCES,55 HOUGANG AVENUE 7,72,19,North East Region,LH,17,2018-08-17,1109,1292,183,0.165,13,1449984,1531000,1308,1185,443,0.3385,-0.0937
newsale,RIVERFRONT RESIDENCES,55 HOUGANG AVENUE 7,73,19,North East Region,LH,17,2020-07-15,1109,1292,183,0.165,4,1473440,1543000,1329,1195,380,0.286,-0.1011
newsale,RIVERFRONT RESIDENCES,55 HOUGANG AVENUE 7,74,19,North East Region,LH,17,2019-06-04,721,861,140,0.194,5,967680,1030000,1342,1196,445,0.3319,-0.1086
newsale,RIVERFRONT RESIDENCES,55 HOUGANG AVENUE 7,75,19,North East Region,LH,17,2019-01-11,721,861,140,0.194,15,965184,1029000,1338,1195,456,0.3408,-0.1071
newsale,RIVERFRONT RESIDENCES,55 HOUGANG AVENUE 7,76,19,North East Region,LH,17,2021-01-25,1485,1711,226,0.152,7,2087270,2217112,1405,1295,574,0.4088,-0.0781
newsale,RIVERFRONT RESIDENCES,55 HOUGANG AVENUE 7,77,19,North East Region,LH,17,2018-07-05,1679,1905,226,0.135,7,2147824,2270000,1279,1191,540,0.4226,-0.0685
newsale,RIVERFRONT RESIDENCES,55 HOUGANG AVENUE 7,78,19,North East Region,LH,17,2018-07-05,614,721,108,0.175,16,850776,902000,1387,1251,476,0.3432,-0.098
newsale,RIVERFRONT RESIDENCES,57 HOUGANG AVENUE 7,79,19,North East Region,LH,17,2018-07-05,1109,1292,183,0.165,6,1464604,1503000,1321,1164,210,0.1588,-0.1192
newsale,RIVERFRONT RESIDENCES,57 HOUGANG AVENUE 7,80,19,North East Region,LH,17,2018-10-21,721,861,140,0.194,15,957440,1005000,1328,1167,340,0.256,-0.1209
newsale,RIVERFRONT RESIDENCES,57 HOUGANG AVENUE 7,81,19,North East Region,LH,17,2018-07-05,721,861,140,0.194,16,973886,1005000,1350,1167,222,0.1647,-0.1357
newsale,RIVERFRONT RESIDENCES,57 HOUGANG AVENUE 7,82,19,North East Region,LH,17,2018-08-03,1485,1711,226,0.152,10,1989060,2090000,1339,1221,447,0.3335,-0.088
newsale,RIVERFRONT RESIDENCES,57 HOUGANG AVENUE 7,83,19,North East Region,LH,17,2018-08-03,1485,1711,226,0.152,10,1967240,2070000,1324,1209,455,0.3433,-0.0867
newsale,RIVERFRONT RESIDENCES,57 HOUGANG AVENUE 7,85,19,North East Region,LH,17,2020-03-05,517,635,118,0.229,5,749952,799000,1452,1258,414,0.2854,-0.1332
newsale,RIVERFRONT RESIDENCES,57 HOUGANG AVENUE 7,86,19,North East Region,LH,17,2018-07-06,1109,1292,183,0.165,8,1404396,1450000,1267,1123,249,0.1967,-0.1138
newsale,RIVERTREES RESIDENCES,21 FERNVALE CLOSE,03,28,North East Region,LH,22,2016-10-06,1119,1270,151,0.135,8,1234824,1279780,1103,1008,298,0.2705,-0.0866
newsale,RIVERTREES RESIDENCES,23 FERNVALE CLOSE,07,28,North East Region,LH,20,2017-01-01,947,1087,140,0.148,7,1004255,1035100,1060,952,220,0.2079,-0.102
newsale,RIVERTREES RESIDENCES,23 FERNVALE CLOSE,10,28,North East Region,LH,20,2016-07-17,1119,1270,151,0.135,3,1253519,1296180,1120,1020,283,0.2528,-0.0886
newsale,RIVERTREES RESIDENCES,25 FERNVALE CLOSE,12,28,North East Region,LH,20,2015-05-12,1206,1410,205,0.17,6,1336270,1391600,1108,987,271,0.2441,-0.1096
newsale,RIVERTREES RESIDENCES,25 FERNVALE CLOSE,14,28,North East Region,LH,20,2015-01-02,1206,1410,205,0.17,4,1305363,1374380,1083,975,337,0.3117,-0.0998
newsale,RIVERTREES RESIDENCES,27 FERNVALE CLOSE,15,28,North East Region,LH,20,2016-10-05,1119,1270,151,0.135,4,1246860,1287980,1114,1014,273,0.245,-0.0896
newsale,RIVERTREES RESIDENCES,27 FERNVALE CLOSE,17,28,North East Region,LH,20,2015-08-11,1119,1270,151,0.135,5,1234953,1280000,1103,1008,299,0.271,-0.0865
newsale,RIVERTREES RESIDENCES,29 FERNVALE CLOSE,19,28,North East Region,LH,22,2016-12-03,947,1216,269,0.284,9,1063493,1114800,1123,917,191,0.1698,-0.1837
newsale,RIVERTREES RESIDENCES,29 FERNVALE CLOSE,20,28,North East Region,LH,22,2016-11-22,1119,1238,118,0.106,13,1238740,1276653,1107,1031,320,0.2894,-0.068
newsale,RIVERTREES RESIDENCES,29 FERNVALE CLOSE,23,28,North East Region,LH,22,2016-08-27,1119,1238,118,0.106,8,1231596,1277160,1100,1032,385,0.3498,-0.0622
newsale,RYMDEN 77,77 LORONG H TELOK KURAU,02,15,East Region,FH,5,2022-09-09,904,1313,409,0.452,4,1643506,1886300,1818,1436,594,0.3266,-0.2098
newsale,RYMDEN 77,77 LORONG H TELOK KURAU,04,15,East Region,FH,5,2022-05-05,1152,1539,388,0.336,3,2061965,2270300,1790,1475,538,0.3003,-0.1761
newsale,SANCTUARY@NEWTON,2 SURREY ROAD,03,11,Central Region,FH,15,2025-08-12,807,1023,215,0.267,10,2342104,2865060,2901,2802,2429,0.8373,-0.0342
newsale,SANT RITZ,1 PHENG GECK AVENUE,15,13,Central Region,LH,19,2016-05-07,1055,1518,463,0.439,7,1402812,1802196,1330,1187,863,0.6489,-0.1071
newsale,SCENECA RESIDENCE,26 TANAH MERAH KECHIL LINK,01,16,East Region,LH,15,2025-03-02,1119,1292,172,0.154,8,2407348,2580000,2150,1997,1003,0.4662,-0.0712
newsale,SCENECA RESIDENCE,26 TANAH MERAH KECHIL LINK,04,16,East Region,LH,15,2023-07-09,904,1055,151,0.167,12,1903220,2000000,2105,1896,642,0.3051,-0.0993
newsale,SCENECA RESIDENCE,26 TANAH MERAH KECHIL LINK,06,16,East Region,LH,15,2023-01-14,764,883,118,0.155,12,1649376,1742000,2158,1974,782,0.3624,-0.0855
newsale,SCENECA RESIDENCE,26 TANAH MERAH KECHIL LINK,07,16,East Region,LH,15,2023-01-15,753,861,108,0.143,12,1592854,1716000,2114,1993,1144,0.5412,-0.0574
newsale,SCENECA RESIDENCE,26 TANAH MERAH KECHIL LINK,08,16,East Region,LH,15,2023-01-14,463,570,108,0.233,12,1071648,1166000,2315,2044,877,0.3786,-0.1172
newsale,SCENECA RESIDENCE,26 TANAH MERAH KECHIL LINK,09,16,East Region,LH,15,2024-07-15,1163,1367,205,0.176,6,2424280,2500000,2085,1829,370,0.1775,-0.123
newsale,SCENECA RESIDENCE,28 TANAH MERAH KECHIL LINK,15,16,East Region,LH,14,2023-01-14,463,570,108,0.233,11,1037312,1128000,2241,1977,843,0.3759,-0.1177
newsale,SCENECA RESIDENCE,28 TANAH MERAH KECHIL LINK,16,16,East Region,LH,14,2023-01-14,689,797,108,0.156,11,1462272,1583000,2123,1987,1122,0.5284,-0.0637
newsale,SCENECA RESIDENCE,28 TANAH MERAH KECHIL LINK,17,16,East Region,LH,14,2023-01-14,764,883,118,0.155,8,1619628,1700000,2119,1926,679,0.3203,-0.0912
newsale,SCENECA RESIDENCE,28 TANAH MERAH KECHIL LINK,18,16,East Region,LH,14,2023-04-10,753,861,108,0.143,10,1620430,1740000,2151,2021,1111,0.5165,-0.0604
newsale,SCENECA RESIDENCE,28 TANAH MERAH KECHIL LINK,19,16,East Region,LH,14,2023-11-09,904,1055,151,0.167,6,1952282,2000000,2159,1896,317,0.1467,-0.1219
newsale,SEASIDE RESIDENCES,10 SIGLAP LINK,03,15,East Region,LH,27,2017-04-22,829,980,151,0.182,22,1539416,1652310,1857,1687,749,0.4034,-0.0918
newsale,SEASIDE RESIDENCES,10 SIGLAP LINK,04,15,East Region,LH,27,2017-04-22,764,915,151,0.197,26,1405982,1534500,1840,1677,853,0.4636,-0.0884
newsale,SEASIDE RESIDENCES,10 SIGLAP LINK,05,15,East Region,LH,27,2017-04-22,506,689,183,0.362,26,968221,1080090,1914,1568,611,0.3194,-0.1808
newsale,SEASIDE RESIDENCES,10 SIGLAP LINK,06,15,East Region,LH,27,2017-04-22,786,936,151,0.192,23,1433623,1572120,1824,1679,919,0.5037,-0.0799
newsale,SEASIDE RESIDENCES,12 SIGLAP LINK,10,15,East Region,LH,27,2017-08-24,592,775,183,0.309,25,1110720,1172000,1876,1512,335,0.1785,-0.194
newsale,SEASIDE RESIDENCES,12 SIGLAP LINK,11,15,East Region,LH,27,2017-10-20,1087,1302,215,0.198,26,1843420,2043000,1696,1569,927,0.5467,-0.0749
newsale,SEASIDE RESIDENCES,12 SIGLAP LINK,15,15,East Region,LH,27,2017-04-22,1206,1475,269,0.223,16,2172613,2369070,1802,1607,730,0.4051,-0.1086
newsale,SEASIDE RESIDENCES,12 SIGLAP LINK,16,15,East Region,LH,27,2017-04-22,560,732,172,0.308,24,1061244,1158300,1896,1582,564,0.2972,-0.1654
newsale,SEASIDE RESIDENCES,16 SIGLAP LINK,23,15,East Region,LH,27,2021-02-23,592,775,183,0.309,3,1252944,1294940,2116,1671,229,0.1084,-0.2105
newsale,SEASIDE RESIDENCES,18 SIGLAP LINK,30,15,East Region,LH,27,2021-01-18,592,775,183,0.309,6,1234400,1260000,2085,1626,140,0.0671,-0.2203
newsale,SEVENTY SAINT PATRICK'S,86 ST. PATRICK'S ROAD,48,15,East Region,FH,5,2015-09-24,1184,1346,161,0.136,4,1935556,1991880,1635,1480,349,0.2134,-0.0944
newsale,SEVENTY SAINT PATRICK'S,88 ST. PATRICK'S ROAD,54,15,East Region,FH,5,2015-12-11,1184,1346,161,0.136,3,1918208,1981820,1620,1473,394,0.2432,-0.0908
newsale,SIMS URBAN OASIS,10 SIMS DRIVE,30,14,Central Region,LH,18,2017-07-15,667,829,161,0.242,17,979456,1069100,1468,1290,555,0.3783,-0.1211
newsale,SIMS URBAN OASIS,10 SIMS DRIVE,31,14,Central Region,LH,18,2017-10-14,958,1130,172,0.18,17,1423770,1531300,1486,1355,624,0.4201,-0.0884
newsale,SIMS URBAN OASIS,10 SIMS DRIVE,32,14,Central Region,LH,18,2018-07-09,958,1130,172,0.18,11,1335910,1617200,1394,1431,1633,1.1713,0.0261
newsale,SIMS URBAN OASIS,10 SIMS DRIVE,39,14,Central Region,LH,18,2018-01-01,958,1130,172,0.18,8,1342700,1522200,1402,1347,1042,0.7436,-0.0391
newsale,SIMS URBAN OASIS,10 SIMS DRIVE,41,14,Central Region,LH,18,2017-07-04,667,829,161,0.242,5,950875,1068000,1425,1289,725,0.5091,-0.0956
newsale,SIMS URBAN OASIS,10 SIMS DRIVE,42,14,Central Region,LH,18,2017-04-07,667,829,161,0.242,11,949440,1068000,1423,1289,734,0.5161,-0.0943
newsale,SIMS URBAN OASIS,10 SIMS DRIVE,43,14,Central Region,LH,18,2017-08-19,667,829,161,0.242,3,948600,1107300,1421,1336,983,0.6915,-0.0601
newsale,SIMS URBAN OASIS,12 SIMS DRIVE,45,14,Central Region,LH,15,2017-02-27,463,614,151,0.326,3,733444,771000,1585,1257,249,0.1573,-0.207
newsale,SIMS URBAN OASIS,12 SIMS DRIVE,47,14,Central Region,LH,15,2017-09-18,710,883,172,0.242,9,1065741,1169800,1500,1325,604,0.4027,-0.1165
newsale,SIMS URBAN OASIS,12 SIMS DRIVE,48,14,Central Region,LH,15,2017-03-04,463,614,151,0.326,3,710640,750000,1535,1222,261,0.1701,-0.2038
newsale,SIMS URBAN OASIS,12 SIMS DRIVE,49,14,Central Region,LH,15,2017-05-29,484,657,172,0.356,3,743702,822000,1535,1252,455,0.2961,-0.1846
newsale,SIMS URBAN OASIS,12 SIMS DRIVE,50,14,Central Region,LH,15,2017-05-29,484,657,172,0.356,11,734552,822000,1516,1252,508,0.3348,-0.1745
newsale,SIMS URBAN OASIS,12 SIMS DRIVE,52,14,Central Region,LH,15,2017-06-05,484,657,172,0.356,3,743663,822000,1535,1252,455,0.2963,-0.1846
newsale,SIMS URBAN OASIS,12 SIMS DRIVE,53,14,Central Region,LH,15,2017-09-15,710,883,172,0.242,3,998400,1110800,1405,1258,653,0.4644,-0.1045
newsale,SIMS URBAN OASIS,12 SIMS DRIVE,55,14,Central Region,LH,15,2017-07-21,700,872,172,0.246,13,1034898,1108100,1479,1271,425,0.2874,-0.1408
newsale,SIMS URBAN OASIS,16 SIMS DRIVE,56,14,Central Region,LH,18,2017-10-28,1206,1539,334,0.277,11,1662780,2037900,1379,1324,1124,0.8151,-0.0401
newsale,SIMS URBAN OASIS,16 SIMS DRIVE,57,14,Central Region,LH,18,2018-03-03,1033,1324,291,0.281,4,1580433,1820900,1529,1375,827,0.541,-0.1008
newsale,SIMS URBAN OASIS,16 SIMS DRIVE,58,14,Central Region,LH,18,2018-01-20,1033,1324,291,0.281,3,1500206,1789500,1452,1352,995,0.6856,-0.069
newsale,SIMS URBAN OASIS,16 SIMS DRIVE,59,14,Central Region,LH,18,2018-03-26,1206,1539,334,0.277,8,1737628,2161600,1441,1404,1271,0.8815,-0.0257
newsale,SIMS URBAN OASIS,18 SIMS DRIVE,61,14,Central Region,LH,18,2018-05-25,1033,1324,291,0.281,16,1655869,1919700,1602,1450,908,0.5665,-0.0952
newsale,SIMS URBAN OASIS,18 SIMS DRIVE,62,14,Central Region,LH,18,2018-03-17,1033,1324,291,0.281,15,1495962,1856800,1448,1402,1242,0.8576,-0.0313
newsale,SIMS URBAN OASIS,2 SIMS DRIVE,01,14,Central Region,LH,19,2017-07-02,667,829,161,0.242,7,962152,1069100,1442,1290,662,0.4594,-0.1053
newsale,SIMS URBAN OASIS,2 SIMS DRIVE,02,14,Central Region,LH,19,2017-07-26,818,1001,183,0.224,6,1223329,1361600,1495,1360,756,0.5053,-0.0904
newsale,SIMS URBAN OASIS,2 SIMS DRIVE,13,14,Central Region,LH,19,2017-09-28,667,829,161,0.242,3,963171,1108700,1443,1338,901,0.6245,-0.0731
newsale,SIMS URBAN OASIS,2 SIMS DRIVE,14,14,Central Region,LH,19,2017-08-06,667,829,161,0.242,8,959863,1108700,1438,1338,922,0.6409,-0.07
newsale,SIMS URBAN OASIS,2 SIMS DRIVE,17,14,Central Region,LH,19,2017-07-01,667,829,161,0.242,5,951754,1069100,1426,1290,727,0.5096,-0.0955
newsale,SIMS URBAN OASIS,4 SIMS DRIVE,18,14,Central Region,LH,19,2017-12-06,990,1173,183,0.185,12,1429274,1646900,1443,1404,1189,0.824,-0.0274
newsale,SIMS URBAN OASIS,4 SIMS DRIVE,19,14,Central Region,LH,19,2017-11-11,990,1173,183,0.185,10,1471827,1684800,1486,1436,1164,0.7831,-0.0338
newsale,SIMS URBAN OASIS,6 SIMS DRIVE,22,14,Central Region,LH,18,2017-04-05,958,1184,226,0.236,14,1336738,1461000,1395,1234,550,0.394,-0.1157
newsale,SIMS URBAN OASIS,6 SIMS DRIVE,24,14,Central Region,LH,18,2018-05-17,958,1184,226,0.236,14,1514197,1777900,1581,1502,1167,0.7381,-0.05
newsale,SIMS URBAN OASIS,6 SIMS DRIVE,25,14,Central Region,LH,18,2018-10-29,1442,1744,301,0.209,9,2310384,2498000,1602,1433,623,0.3886,-0.1057
newsale,SIMS URBAN OASIS,8 SIMS DRIVE,26,14,Central Region,LH,18,2018-10-31,1733,2034,301,0.174,11,2559679,2848000,1477,1400,957,0.6477,-0.0522
newsale,SIMS URBAN OASIS,8 SIMS DRIVE,27,14,Central Region,LH,18,2017-10-21,958,1184,226,0.236,14,1445342,1537100,1509,1298,406,0.2691,-0.1395
newsale,SIMS URBAN OASIS,8 SIMS DRIVE,29,14,Central Region,LH,18,2018-02-03,958,1184,226,0.236,6,1351141,1651600,1410,1395,1329,0.9425,-0.011
newsale,SKY EDEN@BEDOK,1 BEDOK CENTRAL,01,16,East Region,LH,17,2022-09-07,1087,1302,215,0.198,12,2350268,2475000,2162,1900,579,0.268,-0.121
newsale,SKY EDEN@BEDOK,1 BEDOK CENTRAL,02,16,East Region,LH,17,2024-09-10,1087,1302,215,0.198,5,2367552,2513000,2178,1929,676,0.3102,-0.114
newsale,SKY EDEN@BEDOK,1 BEDOK CENTRAL,03,16,East Region,LH,17,2022-09-08,893,1087,194,0.217,15,1902300,2016000,2129,1854,587,0.2756,-0.1291
newsale,SKY EDEN@BEDOK,1 BEDOK CENTRAL,04,16,East Region,LH,17,2022-09-07,657,850,194,0.295,15,1461312,1588000,2226,1867,654,0.2938,-0.1609
newsale,SKY EDEN@BEDOK,1 BEDOK CENTRAL,05,16,East Region,LH,17,2022-09-07,893,1087,194,0.217,15,1896660,2016000,2123,1854,616,0.2901,-0.1265
newsale,SKY EDEN@BEDOK,1 BEDOK CENTRAL,06,16,East Region,LH,17,2022-09-07,743,904,161,0.217,15,1665024,1770000,2242,1958,650,0.29,-0.1268
newsale,SKY EDEN@BEDOK,1 BEDOK CENTRAL,07,16,East Region,LH,17,2022-09-07,689,840,151,0.219,15,1554192,1653000,2256,1969,656,0.2906,-0.1273
newsale,SKY EDEN@BEDOK,1 BEDOK CENTRAL,08,16,East Region,LH,17,2022-09-07,689,840,151,0.219,15,1549032,1648000,2249,1963,657,0.2921,-0.1271
newsale,SKY EDEN@BEDOK,1 BEDOK CENTRAL,09,16,East Region,LH,17,2022-09-07,1302,1572,269,0.207,6,2834536,3000000,2176,1909,615,0.2825,-0.1229
newsale,SKY EDEN@BEDOK,1 BEDOK CENTRAL,10,16,East Region,LH,17,2023-02-14,1087,1302,215,0.198,7,2388880,2512000,2197,1929,572,0.2603,-0.1223
newsale,SKY EVERTON,50 EVERTON ROAD,04,02,Central Region,FH,23,2019-11-25,463,592,129,0.279,15,1232912,1312000,2664,2216,612,0.2299,-0.168
newsale,SKY EVERTON,50 EVERTON ROAD,07,02,Central Region,FH,23,2019-06-23,463,592,129,0.279,15,1232448,1312000,2663,2216,616,0.2313,-0.1677
newsale,SORA,72 YUAN CHING ROAD,04,22,West Region,LH,11,2026-02-27,936,1119,183,0.195,3,2227056,2393000,2378,2138,907,0.3813,-0.1011
newsale,SORA,72 YUAN CHING ROAD,06,22,West Region,LH,12,2025-03-10,646,807,161,0.25,11,1397760,1599000,2164,1981,1246,0.5759,-0.0848
newsale,SORA,74 YUAN CHING ROAD,07,22,West Region,LH,12,2024-08-26,646,807,161,0.25,10,1394322,1583000,2159,1961,1169,0.5413,-0.0917
newsale,SORA,74 YUAN CHING ROAD,11,22,West Region,LH,11,2025-10-25,732,915,183,0.25,6,1734486,1945000,2370,2126,1150,0.4855,-0.1029
newsale,SORA,76 YUAN CHING ROAD,13,22,West Region,LH,20,2025-04-27,538,689,151,0.28,3,1260000,1369000,2341,1987,723,0.3089,-0.1512
newsale,SORA,78 YUAN CHING ROAD,28,22,West Region,LH,20,2024-12-21,538,689,151,0.28,17,1156176,1406000,2148,2041,1658,0.7717,-0.0499
newsale,SPOTTISWOODE SUITES,16 SPOTTISWOODE PARK ROAD,03,02,Central Region,FH,34,2017-08-27,786,1109,323,0.411,3,1706480,2038000,2172,1838,1027,0.4727,-0.1536
newsale,STIRLING RESIDENCES,21 STIRLING ROAD,03,03,Central Region,LH,40,2019-03-10,764,980,215,0.282,38,1436042,1561000,1879,1594,580,0.3089,-0.1519
newsale,STIRLING RESIDENCES,21 STIRLING ROAD,06,03,Central Region,LH,40,2021-04-28,657,883,226,0.344,6,1324278,1435000,2017,1626,490,0.2429,-0.1939
newsale,STIRLING RESIDENCES,21 STIRLING ROAD,10,03,Central Region,LH,40,2021-09-02,506,710,205,0.404,4,1108596,1244000,2191,1751,662,0.3021,-0.2009
newsale,STIRLING RESIDENCES,21 STIRLING ROAD,11,03,Central Region,LH,40,2021-05-21,678,904,226,0.333,7,1496568,1654000,2207,1829,696,0.3156,-0.1711
newsale,STIRLING RESIDENCES,23 STIRLING ROAD,13,03,Central Region,LH,40,2021-09-10,506,710,205,0.404,13,1130800,1278000,2235,1799,720,0.322,-0.1952
newsale,STIRLING RESIDENCES,23 STIRLING ROAD,14,03,Central Region,LH,40,2021-06-09,678,904,226,0.333,10,1500286,1661000,2212,1837,711,0.3214,-0.1697
newsale,STIRLING RESIDENCES,23 STIRLING ROAD,19,03,Central Region,LH,40,2021-06-08,689,904,215,0.312,4,1441768,1564000,2093,1730,568,0.2713,-0.1735
newsale,STIRLING RESIDENCES,23 STIRLING ROAD,20,03,Central Region,LH,40,2021-04-27,657,872,215,0.328,4,1312994,1421000,2000,1630,502,0.2509,-0.185
newsale,STIRLING RESIDENCES,23 STIRLING ROAD,21,03,Central Region,LH,40,2020-11-24,980,1281,301,0.308,7,1931696,2110000,1972,1647,592,0.3,-0.1647
newsale,STIRLING RESIDENCES,23 STIRLING ROAD,22,03,Central Region,LH,40,2020-06-10,1346,1959,614,0.456,32,2689338,3328000,1999,1699,1041,0.5208,-0.1501
newsale,STIRLING RESIDENCES,25 STIRLING ROAD,29,03,Central Region,LH,38,2021-05-03,657,883,226,0.344,5,1312564,1429000,1999,1619,515,0.2577,-0.1901
newsale,STRAITS MANSIONS,26 SEA AVENUE,03,15,Central Region,FH,5,2016-09-06,1012,1335,323,0.319,3,1707552,2228000,1688,1669,1612,0.955,-0.0109
newsale,STURDEE RESIDENCES,10 BEATTY ROAD,12,08,Central Region,LH,30,2018-02-05,947,1389,441,0.466,19,1513591,2409676,1598,1735,2030,1.2707,0.086
newsale,TEDGE,328 CHANGI ROAD,08,14,East Region,FH,5,2020-03-07,775,1023,248,0.319,3,1288258,1650000,1662,1614,1461,0.879,-0.0293
newsale,TEMBUSU GRAND,92 JALAN TEMBUSU,02,15,Central Region,LH,20,2025-05-13,1432,1604,172,0.12,7,3615476,3743000,2525,2334,740,0.2932,-0.0759
newsale,TEMBUSU GRAND,92 JALAN TEMBUSU,03,15,Central Region,LH,21,2024-11-17,1173,1399,226,0.193,14,2928580,3126000,2496,2234,873,0.3499,-0.105
newsale,TEMBUSU GRAND,92 JALAN TEMBUSU,05,15,Central Region,LH,21,2023-04-08,667,829,161,0.242,20,1733448,1948000,2597,2350,1329,0.5116,-0.0951
newsale,TEMBUSU GRAND,92 JALAN TEMBUSU,07,15,Central Region,LH,21,2024-04-17,1432,1604,172,0.12,20,3549622,3672000,2479,2290,711,0.2866,-0.0766
newsale,TEMBUSU GRAND,92 JALAN TEMBUSU,08,15,Central Region,LH,21,2024-11-15,743,883,140,0.188,8,2023266,2161000,2724,2448,984,0.3613,-0.1013
newsale,TEMBUSU GRAND,94 JALAN TEMBUSU,09,15,Central Region,LH,20,2024-11-17,743,883,140,0.188,3,1993640,2130000,2684,2413,974,0.363,-0.101
newsale,TEMBUSU GRAND,94 JALAN TEMBUSU,10,15,Central Region,LH,20,2023-04-08,1432,1604,172,0.12,15,3550080,3677000,2480,2293,737,0.2972,-0.0755
newsale,TEMBUSU GRAND,94 JALAN TEMBUSU,13,15,Central Region,LH,20,2023-04-08,667,829,161,0.242,19,1709288,1896000,2561,2288,1156,0.4515,-0.1069
newsale,TEMBUSU GRAND,94 JALAN TEMBUSU,14,15,Central Region,LH,20,2025-01-07,1173,1399,226,0.193,17,2918496,3070000,2487,2194,670,0.2695,-0.118
newsale,TEMBUSU GRAND,96 JALAN TEMBUSU,19,15,Central Region,LH,20,2024-11-16,990,1184,194,0.196,4,2505584,2648000,2530,2236,735,0.2905,-0.1161
newsale,TEMBUSU GRAND,96 JALAN TEMBUSU,21,15,Central Region,LH,20,2023-04-26,667,829,161,0.242,19,1717688,1890000,2574,2280,1067,0.4146,-0.114
newsale,TEMBUSU GRAND,96 JALAN TEMBUSU,22,15,Central Region,LH,20,2025-01-11,1173,1399,226,0.193,19,2911296,3042000,2481,2174,578,0.233,-0.1239
newsale,TEMBUSU GRAND,96 JALAN TEMBUSU,23,15,Central Region,LH,20,2024-11-17,1173,1399,226,0.193,6,2932010,3069000,2499,2193,606,0.2425,-0.1224
newsale,TEMBUSU GRAND,98 JALAN TEMBUSU,26,15,Central Region,LH,20,2024-11-20,1173,1399,226,0.193,15,2950860,3083000,2515,2203,585,0.2324,-0.124
newsale,TEMBUSU GRAND,98 JALAN TEMBUSU,27,15,Central Region,LH,20,2024-11-17,1173,1399,226,0.193,19,2917376,3070000,2487,2194,675,0.2715,-0.1177
newsale,TEMBUSU GRAND,98 JALAN TEMBUSU,29,15,Central Region,LH,20,2023-04-15,667,829,161,0.242,19,1714960,1909000,2570,2303,1202,0.4677,-0.1037
newsale,TEMBUSU GRAND,98 JALAN TEMBUSU,31,15,Central Region,LH,20,2025-05-03,1432,1604,172,0.12,8,3610722,3743000,2522,2334,768,0.3045,-0.0747
newsale,TEMBUSU GRAND,98 JALAN TEMBUSU,32,15,Central Region,LH,20,2024-11-16,743,883,140,0.188,6,1979826,2117000,2666,2398,980,0.3678,-0.1002
newsale,TERRA HILL,18B YEW SIANG ROAD,17,05,Central Region,FH,5,2023-02-25,624,840,215,0.345,3,1597680,1875000,2559,2233,1288,0.5034,-0.1273
newsale,TERRA HILL,18B YEW SIANG ROAD,24,05,Central Region,FH,5,2023-02-25,624,840,215,0.345,3,1597680,1875000,2559,2233,1288,0.5034,-0.1273
newsale,THE ADDITION,21 MEYAPPA CHETTIAR ROAD,02,13,Central Region,FH,8,2018-11-11,797,969,172,0.216,4,1443994,1468888,1813,1516,145,0.0797,-0.1636
newsale,THE ADDITION,21 MEYAPPA CHETTIAR ROAD,03,13,Central Region,FH,8,2019-01-27,797,969,172,0.216,5,1433712,1554000,1800,1604,698,0.388,-0.1088
newsale,THE ADDITION,21 MEYAPPA CHETTIAR ROAD,04,13,Central Region,FH,8,2018-10-04,592,689,97,0.164,5,1123920,1188000,1898,1724,661,0.3484,-0.0916
newsale,THE ANTARES,19 MATTAR ROAD,03,14,Central Region,LH,5,2021-10-20,689,883,194,0.281,3,1180883,1361250,1714,1542,931,0.5431,-0.1003
newsale,THE ANTARES,21 MATTAR ROAD,13,14,Central Region,LH,5,2021-09-09,689,883,194,0.281,3,1224720,1387000,1778,1571,838,0.4711,-0.1161
newsale,THE ANTARES,23 MATTAR ROAD,15,14,Central Region,LH,17,2021-10-08,657,829,172,0.262,7,1267963,1450000,1931,1749,1057,0.5473,-0.0941
newsale,THE ANTARES,23 MATTAR ROAD,16,14,Central Region,LH,17,2021-11-05,1152,1367,215,0.187,14,2042596,2253000,1773,1648,977,0.5511,-0.0707
newsale,THE ANTARES,23 MATTAR ROAD,17,14,Central Region,LH,17,2021-11-06,732,861,129,0.176,12,1361808,1537000,1861,1785,1356,0.729,-0.0407
newsale,THE ANTARES,23 MATTAR ROAD,20,14,Central Region,LH,17,2021-11-07,732,861,129,0.176,11,1383360,1537000,1890,1785,1189,0.6293,-0.0556
newsale,THE ANTARES,23 MATTAR ROAD,22,14,Central Region,LH,17,2021-10-17,657,829,172,0.262,12,1264868,1450000,1926,1749,1075,0.558,-0.0918
newsale,THE ANTARES,25 MATTAR ROAD,23,14,Central Region,LH,18,2021-11-30,883,1023,140,0.159,16,1689810,1884000,1914,1842,1388,0.7249,-0.0376
newsale,THE ANTARES,25 MATTAR ROAD,24,14,Central Region,LH,18,2021-12-12,710,861,151,0.212,15,1359872,1540000,1914,1788,1195,0.6244,-0.0657
newsale,THE ANTARES,25 MATTAR ROAD,26,14,Central Region,LH,18,2021-09-26,883,1023,140,0.159,15,1697736,1864000,1923,1823,1188,0.6177,-0.0523
newsale,THE ARDEN,2 PHOENIX ROAD,01,23,West Region,LH,5,2023-09-17,657,753,97,0.148,4,1143814,1179000,1742,1565,363,0.2085,-0.1018
newsale,THE ARDEN,2 PHOENIX ROAD,04,23,West Region,LH,5,2024-04-15,721,818,97,0.134,4,1328412,1367000,1842,1671,398,0.2163,-0.0928
newsale,THE ARDEN,2 PHOENIX ROAD,05,23,West Region,LH,5,2024-11-04,1389,1636,248,0.178,4,2536028,2669000,1826,1631,537,0.2941,-0.1068
newsale,THE ARDEN,2 PHOENIX ROAD,06,23,West Region,LH,5,2025-04-01,1109,1249,140,0.126,4,1947600,2022000,1757,1619,532,0.3027,-0.0781
newsale,THE ARDEN,2 PHOENIX ROAD,07,23,West Region,LH,5,2023-09-22,657,753,97,0.148,4,1143814,1179000,1742,1565,363,0.2085,-0.1018
newsale,THE ARDEN,4 PHOENIX ROAD,09,23,West Region,LH,5,2025-03-11,1109,1249,140,0.126,3,2072640,2162000,1869,1732,639,0.3416,-0.0738
newsale,THE ARDEN,4 PHOENIX ROAD,10,23,West Region,LH,5,2025-07-05,1389,1636,248,0.178,4,2536028,2669000,1826,1631,537,0.2941,-0.1068
newsale,THE ARDEN,4 PHOENIX ROAD,11,23,West Region,LH,5,2023-09-18,721,818,97,0.134,4,1332304,1367000,1847,1671,358,0.1939,-0.0955
newsale,THE ARDEN,4 PHOENIX ROAD,14,23,West Region,LH,5,2024-03-18,657,753,97,0.148,4,1237342,1296000,1884,1720,605,0.3213,-0.0873
newsale,THE ARDEN,6 PHOENIX ROAD,15,23,West Region,LH,5,2024-03-27,657,753,97,0.148,4,1204792,1296000,1835,1720,941,0.5131,-0.0626
newsale,THE ARDEN,6 PHOENIX ROAD,16,23,West Region,LH,5,2025-05-12,1109,1249,140,0.126,4,2074378,2162000,1871,1732,626,0.3347,-0.0746
newsale,THE ARDEN,6 PHOENIX ROAD,17,23,West Region,LH,5,2024-09-22,1389,1636,248,0.178,3,2526964,2694000,1820,1647,675,0.3707,-0.0952
newsale,THE ARDEN,6 PHOENIX ROAD,18,23,West Region,LH,5,2023-10-29,721,818,97,0.134,4,1340484,1380000,1859,1687,408,0.2195,-0.0924
newsale,THE ARDEN,6 PHOENIX ROAD,20,23,West Region,LH,5,2025-07-21,1012,1141,129,0.128,4,1875240,1974000,1853,1730,765,0.4126,-0.0665
newsale,THE ARDEN,6 PHOENIX ROAD,21,23,West Region,LH,5,2023-10-25,657,753,97,0.148,4,1222406,1262000,1862,1675,409,0.2195,-0.1004
newsale,THE ASANA,17 QUEEN'S ROAD,04,10,Central Region,FH,5,2017-09-24,398,517,118,0.297,4,1031706,1058805,2590,2049,229,0.0884,-0.2089
newsale,THE ASANA,17 QUEEN'S ROAD,05,10,Central Region,FH,5,2017-05-27,635,764,129,0.203,4,1709006,1680513,2691,2199,-221,-0.082,-0.1829
newsale,THE ASANA,19 QUEEN'S ROAD,06,10,Central Region,FH,5,2017-08-21,635,764,129,0.203,4,1711846,1746160,2695,2285,266,0.0986,-0.1523
newsale,THE ATELIER,2 MAKEWAY AVENUE,01,09,Central Region,FH,22,2023-06-30,1281,1496,215,0.168,11,3364238,3980000,2626,2660,2860,1.089,0.0128
newsale,THE ATELIER,2 MAKEWAY AVENUE,08,09,Central Region,FH,22,2023-06-26,1281,1496,215,0.168,8,3533160,4250000,2758,2841,3330,1.2072,0.0298
newsale,THE BOTANY AT DAIRY FARM,11 DAIRY FARM WALK,30,23,West Region,LH,14,2024-05-31,1292,1518,226,0.175,8,2663076,2789000,2062,1838,557,0.2702,-0.1087
newsale,THE BOTANY AT DAIRY FARM,11 DAIRY FARM WALK,31,23,West Region,LH,14,2023-03-04,1539,1765,226,0.147,4,3156830,3288000,2051,1863,580,0.2829,-0.0918
newsale,THE BOTANY AT DAIRY FARM,11 DAIRY FARM WALK,32,23,West Region,LH,14,2024-05-23,1033,1238,205,0.198,8,2218968,2355000,2147,1902,665,0.3097,-0.114
newsale,THE BOTANY AT DAIRY FARM,3 DAIRY FARM WALK,01,23,West Region,LH,15,2023-03-04,743,904,161,0.217,14,1606704,1724000,2163,1907,726,0.3358,-0.1186
newsale,THE BOTANY AT DAIRY FARM,3 DAIRY FARM WALK,02,23,West Region,LH,15,2024-03-27,1270,1475,205,0.161,9,2631440,2800000,2072,1899,824,0.3978,-0.0835
newsale,THE BOTANY AT DAIRY FARM,3 DAIRY FARM WALK,04,23,West Region,LH,15,2023-03-04,506,710,205,0.404,14,1139680,1267000,2253,1783,623,0.2764,-0.2083
newsale,THE BOTANY AT DAIRY FARM,3 DAIRY FARM WALK,05,23,West Region,LH,15,2023-08-11,678,829,151,0.222,14,1460502,1572200,2154,1897,741,0.3441,-0.1192
newsale,THE BOTANY AT DAIRY FARM,3 DAIRY FARM WALK,06,23,West Region,LH,15,2025-02-20,1033,1206,172,0.167,10,2222458,2326000,2151,1929,601,0.2795,-0.1029
newsale,THE BOTANY AT DAIRY FARM,3 DAIRY FARM WALK,08,23,West Region,LH,15,2023-04-06,603,743,140,0.232,14,1329156,1460000,2205,1966,935,0.424,-0.1085
newsale,THE BOTANY AT DAIRY FARM,5 DAIRY FARM WALK,09,23,West Region,LH,9,2023-03-19,743,904,161,0.217,6,1513872,1647000,2038,1822,825,0.4045,-0.1063
newsale,THE BOTANY AT DAIRY FARM,5 DAIRY FARM WALK,10,23,West Region,LH,9,2024-03-31,1033,1216,183,0.177,6,2085596,2213000,2018,1819,696,0.345,-0.0985
newsale,THE BOTANY AT DAIRY FARM,5 DAIRY FARM WALK,11,23,West Region,LH,9,2024-04-18,1033,1216,183,0.177,8,2082168,2196000,2015,1805,622,0.3087,-0.104
newsale,THE BOTANY AT DAIRY FARM,5 DAIRY FARM WALK,12,23,West Region,LH,9,2023-03-04,506,710,205,0.404,8,1099508,1216000,2173,1712,570,0.2621,-0.2124
newsale,THE BOTANY AT DAIRY FARM,5 DAIRY FARM WALK,13,23,West Region,LH,9,2023-05-28,678,829,151,0.222,8,1410972,1589000,2081,1917,1181,0.5678,-0.0786
newsale,THE BOTANY AT DAIRY FARM,5 DAIRY FARM WALK,14,23,West Region,LH,9,2024-06-25,1033,1206,172,0.167,6,2102530,2210000,2035,1833,624,0.3067,-0.099
newsale,THE BOTANY AT DAIRY FARM,5 DAIRY FARM WALK,15,23,West Region,LH,9,2024-06-20,926,1098,172,0.186,6,1930102,2051000,2085,1868,702,0.3367,-0.1041
newsale,THE BOTANY AT DAIRY FARM,5 DAIRY FARM WALK,16,23,West Region,LH,9,2023-03-04,603,743,140,0.232,6,1249222,1357000,2072,1827,770,0.3716,-0.1184
newsale,THE BOTANY AT DAIRY FARM,7 DAIRY FARM WALK,18,23,West Region,LH,13,2024-11-21,1033,1216,183,0.177,5,2192176,2304000,2121,1894,611,0.2881,-0.1071
newsale,THE BOTANY AT DAIRY FARM,7 DAIRY FARM WALK,19,23,West Region,LH,13,2024-06-07,1033,1216,183,0.177,7,2118696,2342000,2050,1925,1220,0.5952,-0.0609
newsale,THE BOTANY AT DAIRY FARM,7 DAIRY FARM WALK,20,23,West Region,LH,13,2023-03-04,506,710,205,0.404,11,1097728,1283000,2170,1806,906,0.4175,-0.1677
newsale,THE BOTANY AT DAIRY FARM,7 DAIRY FARM WALK,21,23,West Region,LH,13,2023-07-31,678,829,151,0.222,11,1412700,1602000,2083,1933,1256,0.603,-0.0722
newsale,THE BOTANY AT DAIRY FARM,7 DAIRY FARM WALK,22,23,West Region,LH,13,2024-10-10,1033,1206,172,0.167,10,2092452,2298000,2025,1906,1193,0.5894,-0.0587
newsale,THE BOTANY AT DAIRY FARM,7 DAIRY FARM WALK,23,23,West Region,LH,13,2024-05-31,926,1098,172,0.186,10,1967028,2079000,2125,1894,650,0.306,-0.1089
newsale,THE BOTANY AT DAIRY FARM,7 DAIRY FARM WALK,24,23,West Region,LH,13,2023-04-17,603,743,140,0.232,11,1314816,1433000,2181,1929,845,0.3872,-0.1155
newsale,THE BOTANY AT DAIRY FARM,9 DAIRY FARM WALK,25,23,West Region,LH,14,2024-06-14,1033,1238,205,0.198,11,2133936,2351000,2065,1899,1061,0.5139,-0.0803
newsale,THE BOTANY AT DAIRY FARM,9 DAIRY FARM WALK,26,23,West Region,LH,14,2024-04-15,1292,1518,226,0.175,6,2642454,2878000,2046,1896,1042,0.5094,-0.0731
newsale,THE BOTANY AT DAIRY FARM,9 DAIRY FARM WALK,27,23,West Region,LH,14,2024-05-26,1292,1518,226,0.175,8,2699192,2847000,2090,1876,654,0.3129,-0.1023
newsale,THE BOTANY AT DAIRY FARM,9 DAIRY FARM WALK,28,23,West Region,LH,14,2023-03-04,1076,1281,205,0.19,6,2226900,2326000,2069,1816,485,0.2342,-0.1223
newsale,THE CLEMENT CANOPY,16 CLEMENTI AVENUE 1,01,05,West Region,LH,40,2017-02-25,1346,1539,194,0.144,36,1817204,1827000,1351,1187,51,0.0374,-0.1212
newsale,THE CLEMENT CANOPY,16 CLEMENTI AVENUE 1,02,05,West Region,LH,40,2018-04-26,990,1163,172,0.174,32,1532946,1531000,1548,1317,-11,-0.0073,-0.1492
newsale,THE CLEMENT CANOPY,16 CLEMENTI AVENUE 1,05,05,West Region,LH,40,2018-02-09,990,1163,172,0.174,8,1491762,1542000,1506,1326,292,0.1936,-0.1195
newsale,THE CLEMENT CANOPY,16 CLEMENTI AVENUE 1,06,05,West Region,LH,40,2017-04-14,1141,1346,205,0.179,38,1640290,1609000,1438,1196,-153,-0.1064,-0.1682
newsale,THE CLEMENT CANOPY,18 CLEMENTI AVENUE 1,07,05,West Region,LH,40,2017-02-25,990,1163,172,0.174,16,1406502,1397000,1420,1202,-55,-0.0388,-0.1539
newsale,THE CLEMENT CANOPY,18 CLEMENTI AVENUE 1,08,05,West Region,LH,40,2017-02-24,1346,1539,194,0.144,37,1848792,1836000,1374,1193,-66,-0.048,-0.1319
newsale,THE CLEMENT CANOPY,18 CLEMENTI AVENUE 1,10,05,West Region,LH,40,2017-05-10,1109,1313,205,0.184,37,1594560,1587000,1438,1208,-37,-0.0257,-0.1597
newsale,THE COMMODORE,59 CANBERRA DRIVE,02,27,North Region,LH,5,2023-06-16,1184,1356,172,0.145,3,1826496,1904000,1543,1404,450,0.2917,-0.0899
newsale,THE COMMODORE,59 CANBERRA DRIVE,03,27,North Region,LH,5,2022-09-03,969,1152,183,0.189,3,1450512,1508000,1497,1309,314,0.2098,-0.1255
newsale,THE COMMODORE,59 CANBERRA DRIVE,06,27,North Region,LH,5,2022-10-24,1270,1464,194,0.153,3,1900536,1967000,1496,1344,343,0.2293,-0.102
newsale,THE COMMODORE,59 CANBERRA DRIVE,07,27,North Region,LH,5,2021-11-27,1023,1184,161,0.158,4,1515518,1574000,1482,1329,362,0.2444,-0.103
newsale,THE COMMODORE,61 CANBERRA DRIVE,10,27,North Region,LH,5,2022-05-05,1184,1356,172,0.145,4,1839216,1833000,1553,1352,-36,-0.0232,-0.1299
newsale,THE COMMODORE,61 CANBERRA DRIVE,11,27,North Region,LH,5,2022-03-13,969,1152,183,0.189,4,1431010,1523000,1477,1322,503,0.3403,-0.1048
newsale,THE COMMODORE,61 CANBERRA DRIVE,14,27,North Region,LH,5,2022-09-21,1270,1464,194,0.153,4,1921532,1977000,1513,1351,286,0.1892,-0.1073
newsale,THE COMMODORE,61 CANBERRA DRIVE,15,27,North Region,LH,5,2021-11-27,1023,1184,161,0.158,4,1513980,1565000,1481,1322,316,0.2134,-0.1073
newsale,THE COMMODORE,63 CANBERRA DRIVE,17,27,North Region,LH,5,2022-06-20,1432,1658,226,0.158,3,2119444,2201000,1480,1328,361,0.2437,-0.1031
newsale,THE COMMODORE,63 CANBERRA DRIVE,20,27,North Region,LH,5,2022-06-06,1668,1905,237,0.142,3,2548128,2682000,1527,1408,565,0.3701,-0.0783
newsale,THE COMMODORE,65 CANBERRA DRIVE,22,27,North Region,LH,5,2021-11-27,1184,1356,172,0.145,3,1764792,1778000,1490,1311,77,0.0515,-0.1204
newsale,THE COMMODORE,65 CANBERRA DRIVE,23,27,North Region,LH,5,2022-01-28,969,1152,183,0.189,4,1473182,1578000,1521,1370,573,0.3767,-0.099
newsale,THE COMMODORE,65 CANBERRA DRIVE,26,27,North Region,LH,5,2022-09-21,1270,1464,194,0.153,4,1974538,2038000,1555,1392,328,0.2107,-0.1045
newsale,THE COMMODORE,67 CANBERRA DRIVE,30,27,North Region,LH,5,2022-10-28,1184,1356,172,0.145,4,1774488,1839000,1499,1356,375,0.2499,-0.0952
newsale,THE COMMODORE,67 CANBERRA DRIVE,31,27,North Region,LH,5,2021-12-19,969,1152,183,0.189,4,1451160,1543000,1498,1340,502,0.335,-0.1056
newsale,THE COMMODORE,67 CANBERRA DRIVE,35,27,North Region,LH,5,2021-11-27,1023,1184,161,0.158,4,1506370,1551000,1473,1310,276,0.1876,-0.1108
newsale,THE COMMODORE,69 CANBERRA DRIVE,38,27,North Region,LH,5,2021-11-27,786,915,129,0.164,4,1202344,1261000,1530,1378,454,0.2968,-0.0993
newsale,THE COMMODORE,69 CANBERRA DRIVE,39,27,North Region,LH,5,2021-11-27,786,915,129,0.164,4,1172682,1256000,1492,1373,645,0.4322,-0.0802
newsale,THE COMMODORE,69 CANBERRA DRIVE,43,27,North Region,LH,5,2021-11-27,1023,1184,161,0.158,4,1547310,1599000,1513,1350,320,0.2116,-0.1075
newsale,THE CONTINUUM,1 THIAM SIEW AVENUE,02,15,Central Region,FH,17,2026-04-27,1066,1281,215,0.202,5,3157332,3377000,2963,2636,1020,0.3444,-0.1102
newsale,THE CONTINUUM,1 THIAM SIEW AVENUE,07,15,Central Region,FH,17,2025-11-01,1087,1302,215,0.198,7,3269772,3487000,3008,2677,1009,0.3355,-0.1098
newsale,THE CONTINUUM,2 THIAM SIEW AVENUE,26,15,Central Region,FH,18,2025-06-22,1249,1464,215,0.172,10,3764778,4150000,3015,2835,1789,0.5935,-0.0598
newsale,THE CONTINUUM,2 THIAM SIEW AVENUE,27,15,Central Region,FH,18,2024-11-21,646,807,161,0.25,8,1946040,2154000,3013,2668,1288,0.4275,-0.1145
newsale,THE CONTINUUM,2 THIAM SIEW AVENUE,28,15,Central Region,FH,18,2026-06-11,1238,1453,215,0.174,12,3681044,4130000,2974,2842,2085,0.7013,-0.0443
newsale,THE CONTINUUM,2 THIAM SIEW AVENUE,29,15,Central Region,FH,18,2026-05-30,1690,2034,344,0.204,11,4794368,5473000,2837,2690,1970,0.6945,-0.0517
newsale,THE CONTINUUM,5 THIAM SIEW AVENUE,20,15,Central Region,FH,18,2026-03-12,1249,1464,215,0.172,12,3809702,4150000,3051,2835,1581,0.5181,-0.0709
newsale,THE CONTINUUM,5 THIAM SIEW AVENUE,21,15,Central Region,FH,18,2025-08-29,646,807,161,0.25,4,1968986,2150000,3049,2663,1121,0.3677,-0.1265
newsale,THE CONTINUUM,5 THIAM SIEW AVENUE,23,15,Central Region,FH,18,2026-06-05,1690,2034,344,0.204,9,5079600,5500000,3006,2703,1220,0.4061,-0.1006
newsale,THE CONTINUUM,8 THIAM SIEW AVENUE,42,15,Central Region,FH,17,2026-05-24,1087,1302,215,0.198,3,3401552,3649000,3129,2802,1149,0.3674,-0.1046
newsale,THE CONTINUUM,8 THIAM SIEW AVENUE,46,15,Central Region,FH,17,2026-05-15,1087,1302,215,0.198,4,3352407,3584000,3084,2752,1076,0.3489,-0.1076
newsale,THE CREST,101 PRINCE CHARLES CRESCENT,02,03,Central Region,LH,22,2016-12-02,646,829,183,0.283,6,1147968,1419000,1777,1712,1481,0.8333,-0.0368
newsale,THE CREST,101 PRINCE CHARLES CRESCENT,04,03,Central Region,LH,23,2017-04-22,1130,1259,129,0.114,3,1876176,2044000,1660,1623,1299,0.7827,-0.0223
newsale,THE CREST,105 PRINCE CHARLES CRESCENT,13,03,Central Region,LH,23,2016-05-01,861,1302,441,0.512,4,1581708,2095000,1837,1609,1163,0.6332,-0.1243
newsale,THE CREST,105 PRINCE CHARLES CRESCENT,14,03,Central Region,LH,22,2017-02-01,646,829,183,0.283,5,1108992,1416000,1717,1708,1678,0.9771,-0.0051
newsale,THE CREST,105 PRINCE CHARLES CRESCENT,17,03,Central Region,LH,22,2016-05-10,797,990,194,0.243,8,1461752,1783000,1835,1800,1658,0.9035,-0.0189
newsale,THE ESSENCE,1 CHONG KUO ROAD,04,26,North Region,LH,5,2020-12-12,700,893,194,0.277,4,1004154,1085900,1435,1215,422,0.294,-0.1531
newsale,THE ESSENCE,1 CHONG KUO ROAD,08,26,North Region,LH,5,2021-04-30,1060,1389,328,0.31,3,1429512,1577400,1348,1136,450,0.3341,-0.1574
newsale,THE ESSENCE,1 CHONG KUO ROAD,18,26,North Region,LH,5,2020-06-20,1060,1389,328,0.31,3,1407672,1540000,1328,1109,403,0.3036,-0.1647
newsale,THE FLORENCE RESIDENCES,81 HOUGANG AVENUE 2,01,19,North East Region,LH,18,2022-08-14,484,603,118,0.244,3,950544,1047000,1962,1737,815,0.4151,-0.1149
newsale,THE FLORENCE RESIDENCES,81 HOUGANG AVENUE 2,02,19,North East Region,LH,18,2022-05-22,527,667,140,0.265,3,1098720,1159000,2083,1737,431,0.2068,-0.1663
newsale,THE FLORENCE RESIDENCES,81 HOUGANG AVENUE 2,03,19,North East Region,LH,18,2020-04-04,721,915,194,0.269,10,1103848,1232000,1531,1347,661,0.4321,-0.1203
newsale,THE FLORENCE RESIDENCES,81 HOUGANG AVENUE 2,05,19,North East Region,LH,18,2021-11-28,635,764,129,0.203,10,1107632,1187000,1744,1553,614,0.3523,-0.1095
newsale,THE FLORENCE RESIDENCES,81 HOUGANG AVENUE 2,06,19,North East Region,LH,18,2022-05-26,635,764,129,0.203,4,1158724,1244000,1825,1628,660,0.3619,-0.1078
newsale,THE FLORENCE RESIDENCES,81 HOUGANG AVENUE 2,08,19,North East Region,LH,18,2019-07-27,721,915,194,0.269,7,1085664,1197000,1505,1308,575,0.3817,-0.1309
newsale,THE FLORENCE RESIDENCES,83 HOUGANG AVENUE 2,10,19,North East Region,LH,18,2022-05-19,635,797,161,0.254,4,1175612,1273000,1851,1598,603,0.3258,-0.1367
newsale,THE FLORENCE RESIDENCES,83 HOUGANG AVENUE 2,11,19,North East Region,LH,18,2021-11-14,1281,1561,280,0.218,4,2125720,2306000,1660,1477,644,0.3882,-0.1097
newsale,THE FLORENCE RESIDENCES,83 HOUGANG AVENUE 2,13,19,North East Region,LH,18,2022-02-15,667,797,129,0.194,4,1184018,1332000,1774,1672,1146,0.6457,-0.0574
newsale,THE FLORENCE RESIDENCES,83 HOUGANG AVENUE 2,14,19,North East Region,LH,18,2022-04-04,667,797,129,0.194,3,1226888,1365000,1838,1714,1069,0.5816,-0.0678
newsale,THE FLORENCE RESIDENCES,83 HOUGANG AVENUE 2,16,19,North East Region,LH,18,2019-04-10,936,1119,183,0.195,8,1354828,1437000,1447,1284,449,0.3104,-0.1127
newsale,THE FLORENCE RESIDENCES,83 HOUGANG AVENUE 2,17,19,North East Region,LH,18,2021-09-08,527,667,140,0.265,8,924678,1054000,1753,1579,924,0.5272,-0.0991
newsale,THE FLORENCE RESIDENCES,83 HOUGANG AVENUE 2,18,19,North East Region,LH,18,2019-09-29,484,603,118,0.244,11,771400,799000,1593,1326,233,0.1464,-0.1677
newsale,THE FLORENCE RESIDENCES,85 HOUGANG AVENUE 2,19,19,North East Region,LH,18,2022-06-29,635,797,161,0.254,4,1207836,1332000,1902,1672,769,0.4043,-0.1207
newsale,THE FLORENCE RESIDENCES,85 HOUGANG AVENUE 2,21,19,North East Region,LH,18,2022-03-31,1679,1916,237,0.141,13,2648936,2681000,1578,1399,135,0.0858,-0.113
newsale,THE FLORENCE RESIDENCES,85 HOUGANG AVENUE 2,22,19,North East Region,LH,18,2021-07-18,667,797,129,0.194,3,1158720,1235000,1736,1550,591,0.3401,-0.107
newsale,THE FLORENCE RESIDENCES,85 HOUGANG AVENUE 2,23,19,North East Region,LH,18,2021-08-29,667,797,129,0.194,3,1269056,1269000,1902,1593,0,-0.0002,-0.1622
newsale,THE FLORENCE RESIDENCES,85 HOUGANG AVENUE 2,24,19,North East Region,LH,18,2019-09-23,926,1109,183,0.198,13,1363160,1420000,1473,1281,311,0.2109,-0.1302
newsale,THE FLORENCE RESIDENCES,85 HOUGANG AVENUE 2,25,19,North East Region,LH,18,2019-09-21,721,883,161,0.224,17,1056720,1166000,1465,1321,677,0.4619,-0.0984
newsale,THE FLORENCE RESIDENCES,87 HOUGANG AVENUE 2,30,19,North East Region,LH,18,2022-03-18,990,1184,194,0.196,12,1855446,2003000,1874,1692,762,0.4065,-0.0971
newsale,THE FLORENCE RESIDENCES,87 HOUGANG AVENUE 2,31,19,North East Region,LH,18,2021-03-14,667,797,129,0.194,13,1139328,1221112,1707,1533,633,0.3709,-0.102
newsale,THE FLORENCE RESIDENCES,87 HOUGANG AVENUE 2,32,19,North East Region,LH,18,2021-07-15,667,797,129,0.194,5,1161288,1257000,1740,1578,741,0.4258,-0.0931
newsale,THE FLORENCE RESIDENCES,87 HOUGANG AVENUE 2,33,19,North East Region,LH,18,2022-05-04,980,1130,151,0.154,8,1571294,1733000,1604,1533,1073,0.6689,-0.0441
newsale,THE FLORENCE RESIDENCES,87 HOUGANG AVENUE 2,34,19,North East Region,LH,18,2019-07-03,721,883,161,0.224,15,1099960,1184000,1525,1341,521,0.3413,-0.1205
newsale,THE FLORENCE RESIDENCES,89 HOUGANG AVENUE 2,37,19,North East Region,LH,18,2020-10-31,667,818,151,0.226,4,1153824,1248000,1729,1526,625,0.3615,-0.1176
newsale,THE FLORENCE RESIDENCES,89 HOUGANG AVENUE 2,39,19,North East Region,LH,18,2022-06-20,915,1109,194,0.212,7,1691640,1829000,1849,1650,709,0.3834,-0.1077
newsale,THE FLORENCE RESIDENCES,89 HOUGANG AVENUE 2,40,19,North East Region,LH,18,2021-02-03,667,850,183,0.274,17,1176240,1262112,1763,1484,469,0.2663,-0.1579
newsale,THE FLORENCE RESIDENCES,89 HOUGANG AVENUE 2,41,19,North East Region,LH,18,2022-05-17,1281,1528,248,0.193,8,2232622,2501000,1743,1636,1084,0.622,-0.0612
newsale,THE FLORENCE RESIDENCES,89 HOUGANG AVENUE 2,42,19,North East Region,LH,18,2021-06-09,893,1087,194,0.217,7,1526940,1621000,1709,1491,485,0.284,-0.1276
newsale,THE FLORENCE RESIDENCES,89 HOUGANG AVENUE 2,43,19,North East Region,LH,18,2020-07-08,667,818,151,0.226,5,1105104,1180000,1656,1442,497,0.3001,-0.1289
newsale,THE FLORENCE RESIDENCES,91 HOUGANG AVENUE 2,46,19,North East Region,LH,18,2022-01-30,1012,1281,269,0.266,3,1774080,1930000,1753,1507,579,0.3305,-0.1407
newsale,THE FLORENCE RESIDENCES,91 HOUGANG AVENUE 2,47,19,North East Region,LH,18,2022-05-07,1012,1270,258,0.255,4,1758060,1944000,1738,1531,720,0.4143,-0.1191
newsale,THE FLORENCE RESIDENCES,91 HOUGANG AVENUE 2,48,19,North East Region,LH,18,2021-08-10,667,797,129,0.194,5,1277112,1264000,1914,1587,-102,-0.053,-0.1708
newsale,THE FLORENCE RESIDENCES,91 HOUGANG AVENUE 2,49,19,North East Region,LH,18,2021-09-06,667,797,129,0.194,4,1248270,1210112,1870,1519,-295,-0.1579,-0.1878
newsale,THE FLORENCE RESIDENCES,91 HOUGANG AVENUE 2,50,19,North East Region,LH,18,2021-04-16,1679,1916,237,0.141,13,2631200,2678000,1567,1398,198,0.1261,-0.108
newsale,THE FLORENCE RESIDENCES,93 HOUGANG AVENUE 2,53,19,North East Region,LH,18,2022-05-08,624,797,172,0.276,5,1208328,1331000,1935,1671,712,0.368,-0.1367
newsale,THE FLORENCE RESIDENCES,93 HOUGANG AVENUE 2,58,19,North East Region,LH,18,2021-07-15,700,872,172,0.246,4,1276612,1380000,1825,1583,600,0.329,-0.1325
newsale,THE FLORENCE RESIDENCES,93 HOUGANG AVENUE 2,59,19,North East Region,LH,18,2021-12-31,700,872,172,0.246,3,1273096,1352000,1820,1551,458,0.2518,-0.1478
newsale,THE FLORENCE RESIDENCES,93 HOUGANG AVENUE 2,61,19,North East Region,LH,18,2021-11-18,1292,1582,291,0.225,6,2100042,2160000,1626,1365,206,0.1269,-0.1604
newsale,THE FLORENCE RESIDENCES,93 HOUGANG AVENUE 2,62,19,North East Region,LH,18,2021-08-05,1389,1701,312,0.225,4,2218086,2304000,1597,1355,275,0.1723,-0.1519
newsale,THE FLORENCE RESIDENCES,93 HOUGANG AVENUE 2,63,19,North East Region,LH,18,2021-08-31,624,786,161,0.259,7,1081024,1180000,1732,1502,613,0.354,-0.1327
newsale,THE FLORENCE RESIDENCES,95 HOUGANG AVENUE 2,64,19,North East Region,LH,18,2022-07-31,635,797,161,0.254,4,1202090,1388000,1893,1743,1151,0.6083,-0.0794
newsale,THE FLORENCE RESIDENCES,95 HOUGANG AVENUE 2,66,19,North East Region,LH,18,2019-06-30,926,1119,194,0.209,14,1359604,1410000,1469,1260,260,0.1771,-0.1424
newsale,THE FLORENCE RESIDENCES,95 HOUGANG AVENUE 2,67,19,North East Region,LH,18,2022-07-30,635,764,129,0.203,5,1233628,1340000,1942,1753,824,0.424,-0.0974
newsale,THE FLORENCE RESIDENCES,95 HOUGANG AVENUE 2,68,19,North East Region,LH,18,2022-03-21,635,764,129,0.203,8,1166632,1279000,1837,1674,870,0.4736,-0.089
newsale,THE FLORENCE RESIDENCES,97 HOUGANG AVENUE 2,73,19,North East Region,LH,18,2022-07-24,635,807,172,0.271,4,1222964,1344000,1926,1665,703,0.365,-0.1355
newsale,THE FLORENCE RESIDENCES,97 HOUGANG AVENUE 2,74,19,North East Region,LH,18,2019-07-14,721,915,194,0.269,9,1073280,1186000,1488,1296,582,0.3909,-0.129
newsale,THE FLORENCE RESIDENCES,97 HOUGANG AVENUE 2,75,19,North East Region,LH,18,2022-02-28,1668,1905,237,0.142,14,2748900,2823000,1648,1482,313,0.1899,-0.1007
newsale,THE FLORENCE RESIDENCES,97 HOUGANG AVENUE 2,76,19,North East Region,LH,18,2022-07-24,635,764,129,0.203,7,1225728,1313000,1930,1718,676,0.3501,-0.1098
newsale,THE FLORENCE RESIDENCES,97 HOUGANG AVENUE 2,77,19,North East Region,LH,18,2022-06-04,635,764,129,0.203,6,1197280,1289000,1885,1687,710,0.3767,-0.1053
newsale,THE FLORENCE RESIDENCES,97 HOUGANG AVENUE 2,78,19,North East Region,LH,18,2022-04-03,1012,1195,183,0.181,6,1749104,1880000,1729,1573,715,0.4138,-0.0898
newsale,THE FLORENCE RESIDENCES,97 HOUGANG AVENUE 2,79,19,North East Region,LH,18,2019-03-02,936,1119,183,0.195,5,1351980,1434000,1444,1281,448,0.3105,-0.1127
newsale,THE FLORENCE RESIDENCES,97 HOUGANG AVENUE 2,80,19,North East Region,LH,18,2022-07-10,484,603,118,0.244,3,951552,1044000,1964,1732,781,0.3975,-0.1184
newsale,THE GARDEN RESIDENCES,1 SERANGOON NORTH VIEW,01,19,North East Region,LH,15,2020-03-31,452,570,118,0.262,9,748800,790100,1656,1385,349,0.2106,-0.1638
newsale,THE GARDEN RESIDENCES,1 SERANGOON NORTH VIEW,02,19,North East Region,LH,15,2020-07-11,786,1033,248,0.315,12,1240379,1382100,1579,1338,572,0.3626,-0.1527
newsale,THE GARDEN RESIDENCES,1 SERANGOON NORTH VIEW,03,19,North East Region,LH,15,2021-04-27,786,1033,248,0.315,12,1327196,1567000,1689,1516,969,0.5735,-0.1022
newsale,THE GARDEN RESIDENCES,1 SERANGOON NORTH VIEW,06,19,North East Region,LH,15,2021-01-12,517,614,97,0.188,7,854761,957800,1654,1561,1064,0.6429,-0.0564
newsale,THE GARDEN RESIDENCES,1 SERANGOON NORTH VIEW,07,19,North East Region,LH,15,2020-01-19,517,614,97,0.188,10,820871,888880,1589,1449,702,0.4418,-0.0881
newsale,THE GARDEN RESIDENCES,1 SERANGOON NORTH VIEW,08,19,North East Region,LH,15,2020-11-16,517,614,97,0.188,12,877698,939500,1699,1531,638,0.3755,-0.0986
newsale,THE GARDEN RESIDENCES,1 SERANGOON NORTH VIEW,09,19,North East Region,LH,15,2020-07-30,452,570,118,0.262,11,759824,854800,1681,1498,802,0.4773,-0.1085
newsale,THE GARDEN RESIDENCES,1 SERANGOON NORTH VIEW,11,19,North East Region,LH,15,2021-01-27,786,1033,248,0.315,11,1266893,1570200,1612,1520,1225,0.7599,-0.0575
newsale,THE GARDEN RESIDENCES,1 SERANGOON NORTH VIEW,12,19,North East Region,LH,15,2020-01-21,786,1033,248,0.315,8,1271419,1323600,1618,1281,211,0.1303,-0.2084
newsale,THE GARDEN RESIDENCES,1 SERANGOON NORTH VIEW,15,19,North East Region,LH,15,2020-02-29,517,614,97,0.188,10,799969,912100,1548,1487,1157,0.7475,-0.0399
newsale,THE GARDEN RESIDENCES,3 SERANGOON NORTH VIEW,17,19,North East Region,LH,15,2020-12-15,689,829,140,0.203,8,1130433,1243500,1641,1500,808,0.4924,-0.0857
newsale,THE GARDEN RESIDENCES,3 SERANGOON NORTH VIEW,18,19,North East Region,LH,15,2020-12-15,807,1066,258,0.32,11,1322189,1556400,1638,1461,907,0.5536,-0.1082
newsale,THE GARDEN RESIDENCES,3 SERANGOON NORTH VIEW,19,19,North East Region,LH,15,2019-02-08,904,1163,258,0.286,12,1534836,1603800,1697,1380,267,0.1573,-0.1873
newsale,THE GARDEN RESIDENCES,3 SERANGOON NORTH VIEW,21,19,North East Region,LH,15,2018-07-05,614,732,118,0.193,5,996594,1160000,1624,1585,1380,0.8497,-0.0243
newsale,THE GARDEN RESIDENCES,3 SERANGOON NORTH VIEW,23,19,North East Region,LH,15,2021-02-15,797,1044,248,0.311,12,1292934,1586900,1623,1520,1187,0.7315,-0.0637
newsale,THE GARDEN RESIDENCES,5 SERANGOON NORTH VIEW,25,19,North East Region,LH,15,2021-05-28,1195,1561,366,0.306,11,1965810,2350000,1645,1506,1050,0.638,-0.0849
newsale,THE GARDEN RESIDENCES,5 SERANGOON NORTH VIEW,27,19,North East Region,LH,15,2020-10-15,1539,1981,441,0.287,12,2382260,2785400,1548,1406,913,0.5902,-0.0913
newsale,THE GARDEN RESIDENCES,5 SERANGOON NORTH VIEW,28,19,North East Region,LH,15,2021-01-19,1539,1981,441,0.287,12,2291140,2793400,1488,1410,1138,0.7646,-0.0525
newsale,THE GARDEN RESIDENCES,7 SERANGOON NORTH VIEW,29,19,North East Region,LH,15,2020-12-17,689,829,140,0.203,6,1150088,1243500,1669,1500,668,0.3999,-0.1013
newsale,THE GARDEN RESIDENCES,7 SERANGOON NORTH VIEW,30,19,North East Region,LH,15,2021-04-29,1119,1442,323,0.288,12,1764324,2212900,1576,1534,1389,0.8814,-0.0266
newsale,THE GARDEN RESIDENCES,7 SERANGOON NORTH VIEW,31,19,North East Region,LH,15,2020-12-17,1119,1442,323,0.288,11,1862914,2236000,1664,1550,1155,0.6943,-0.0684
newsale,THE GARDEN RESIDENCES,7 SERANGOON NORTH VIEW,32,19,North East Region,LH,15,2020-09-23,614,732,118,0.193,12,1058971,1088600,1726,1487,250,0.145,-0.1383
newsale,THE GARDEN RESIDENCES,7 SERANGOON NORTH VIEW,33,19,North East Region,LH,15,2020-07-25,614,732,118,0.193,11,1027584,1088600,1675,1487,515,0.3077,-0.112
newsale,THE GARDEN RESIDENCES,7 SERANGOON NORTH VIEW,35,19,North East Region,LH,15,2020-12-06,797,1044,248,0.311,8,1334391,1534700,1675,1470,809,0.483,-0.1226
newsale,THE GARDEN RESIDENCES,7 SERANGOON NORTH VIEW,36,19,North East Region,LH,15,2020-10-27,689,829,140,0.203,7,1115920,1243500,1620,1500,912,0.5629,-0.0738
newsale,THE GARDEN RESIDENCES,9 SERANGOON NORTH VIEW,37,19,North East Region,LH,15,2020-11-14,689,829,140,0.203,12,1184951,1243500,1720,1500,418,0.2433,-0.1278
newsale,THE GARDEN RESIDENCES,9 SERANGOON NORTH VIEW,38,19,North East Region,LH,15,2020-06-26,904,1163,258,0.286,10,1494369,1634600,1653,1406,543,0.3284,-0.1492
newsale,THE GARDEN RESIDENCES,9 SERANGOON NORTH VIEW,41,19,North East Region,LH,15,2020-09-27,614,732,118,0.193,7,1064671,1088600,1735,1487,202,0.1165,-0.1429
newsale,THE GARDEN RESIDENCES,9 SERANGOON NORTH VIEW,42,19,North East Region,LH,15,2020-02-25,797,1044,248,0.311,9,1370393,1442600,1720,1382,292,0.1695,-0.1969
newsale,THE GARDEN RESIDENCES,9 SERANGOON NORTH VIEW,43,19,North East Region,LH,15,2020-02-29,797,1044,248,0.311,8,1294500,1443600,1625,1383,602,0.3706,-0.1492
newsale,THE GARDEN RESIDENCES,9 SERANGOON NORTH VIEW,44,19,North East Region,LH,15,2020-09-08,689,829,140,0.203,5,1109707,1166000,1611,1407,402,0.2497,-0.1267
newsale,THE GAZANIA,7 HOW SUN DRIVE,10,19,North East Region,FH,5,2022-08-31,1292,1851,560,0.433,3,2824252,3628000,2186,1960,1436,0.6567,-0.1038
newsale,THE GAZANIA,7 HOW SUN DRIVE,11,19,North East Region,FH,5,2023-02-22,1259,1808,549,0.436,3,2900556,3708208,2303,2051,1471,0.6388,-0.1097
newsale,THE GLADES,12 BEDOK RISE,38,16,East Region,LH,12,2015-05-31,452,667,215,0.476,3,764286,799900,1691,1199,165,0.0979,-0.291
newsale,THE GLADES,12 BEDOK RISE,45,16,East Region,LH,12,2015-10-10,570,689,118,0.208,3,821944,850000,1441,1234,237,0.1645,-0.1436
newsale,THE GLADES,2 BEDOK RISE,01,16,East Region,LH,10,2016-05-23,689,883,194,0.281,6,998454,1072000,1449,1215,380,0.2619,-0.162
newsale,THE GLADES,2 BEDOK RISE,02,16,East Region,LH,10,2016-02-29,840,1044,205,0.244,3,1280000,1272000,1525,1218,-39,-0.0257,-0.2009
newsale,THE GLADES,20 BEDOK RISE,59,16,East Region,LH,12,2016-10-10,506,710,205,0.404,9,745472,826000,1474,1163,394,0.2672,-0.2109
newsale,THE GLADES,20 BEDOK RISE,64,16,East Region,LH,12,2016-05-13,861,1055,194,0.225,10,1182810,1238000,1374,1174,285,0.2074,-0.1456
newsale,THE GLADES,20 BEDOK RISE,65,16,East Region,LH,12,2016-01-09,840,1044,205,0.244,5,1116624,1300000,1330,1245,897,0.6742,-0.0638
newsale,THE GLADES,4 BEDOK RISE,13,16,East Region,LH,10,2016-02-02,689,861,172,0.25,7,998580,1022300,1450,1187,138,0.095,-0.181
newsale,THE HILL @ONE-NORTH,15 SLIM BARRACKS RISE,01,05,Central Region,LH,11,2025-09-30,753,947,194,0.257,4,1904957,1963675,2528,2073,303,0.1199,-0.18
newsale,THE HILL @ONE-NORTH,15 SLIM BARRACKS RISE,02,05,Central Region,LH,11,2026-01-30,1044,1227,183,0.175,5,2578262,2650000,2469,2160,392,0.1588,-0.1254
newsale,THE HILL @ONE-NORTH,15 SLIM BARRACKS RISE,03,05,Central Region,LH,11,2024-09-16,1227,1410,183,0.149,5,3157920,3245000,2573,2301,476,0.1849,-0.1058
newsale,THE HILL @ONE-NORTH,15 SLIM BARRACKS RISE,04,05,Central Region,LH,11,2025-10-13,732,893,161,0.221,6,1848938,1892013,2526,2118,267,0.1056,-0.1616
newsale,THE HILL @ONE-NORTH,15 SLIM BARRACKS RISE,05,05,Central Region,LH,11,2025-05-14,786,958,172,0.219,5,2041855,2098020,2599,2190,326,0.1255,-0.1572
newsale,THE HILL @ONE-NORTH,15 SLIM BARRACKS RISE,06,05,Central Region,LH,11,2024-12-20,947,1109,161,0.17,7,2445512,2519000,2582,2272,455,0.1763,-0.12
newsale,THE HILL @ONE-NORTH,15 SLIM BARRACKS RISE,07,05,Central Region,LH,11,2025-06-27,980,1141,161,0.165,7,2399589,2487380,2450,2180,544,0.222,-0.1101
newsale,THE HILL @ONE-NORTH,15 SLIM BARRACKS RISE,09,05,Central Region,LH,11,2025-10-15,764,947,183,0.239,7,1929693,1983888,2525,2094,296,0.1173,-0.1705
newsale,THE HILL @ONE-NORTH,17 SLIM BARRACKS RISE,10,05,Central Region,LH,11,2025-10-19,775,936,161,0.208,5,1946750,1997363,2512,2133,313,0.1248,-0.1509
newsale,THE HILL @ONE-NORTH,17 SLIM BARRACKS RISE,11,05,Central Region,LH,11,2025-09-03,1066,1259,194,0.182,4,2705551,2769800,2539,2199,332,0.1306,-0.1338
newsale,THE HILL @ONE-NORTH,17 SLIM BARRACKS RISE,16,05,Central Region,LH,11,2025-05-28,1023,1195,172,0.168,7,2522505,2629000,2467,2200,618,0.2507,-0.108
newsale,THE HILL @ONE-NORTH,17 SLIM BARRACKS RISE,17,05,Central Region,LH,11,2025-10-19,775,936,161,0.208,5,1956828,1997363,2525,2133,251,0.0994,-0.1553
newsale,THE HYDE,11 BALMORAL ROAD,03,10,Central Region,FH,12,2021-09-23,1249,1475,226,0.181,4,4031197,4429000,3229,3003,1760,0.5451,-0.0697
newsale,THE HYDE,11 BALMORAL ROAD,04,10,Central Region,FH,12,2022-07-16,818,980,161,0.197,9,2517360,2862090,3077,2922,2135,0.6938,-0.0505
newsale,THE HYDE,11 BALMORAL ROAD,05,10,Central Region,FH,12,2022-03-18,1249,1475,226,0.181,6,3894566,4375800,3119,2967,2129,0.6825,-0.0487
newsale,THE HYDE,11 BALMORAL ROAD,06,10,Central Region,FH,12,2022-02-27,495,603,108,0.217,6,1502084,1825000,3034,3028,3000,0.9889,-0.002
newsale,THE HYDE,11 BALMORAL ROAD,09,10,Central Region,FH,12,2022-08-09,549,689,140,0.255,9,1563660,2000000,2848,2903,3118,1.0947,0.0192
newsale,THE HYDE,11 BALMORAL ROAD,10,10,Central Region,FH,12,2020-01-15,818,980,161,0.197,3,2438352,2651616,2981,2707,1321,0.4431,-0.0918
newsale,THE HYDE,11 BALMORAL ROAD,11,10,Central Region,FH,12,2021-03-25,947,1130,183,0.193,5,3021696,3130000,3190,2769,592,0.1855,-0.1319
newsale,THE LAKEGARDEN RESIDENCES,80 YUAN CHING ROAD,01,22,West Region,LH,19,2025-04-16,926,1109,183,0.198,5,2017217,2323400,2179,2096,1673,0.7678,-0.0383
newsale,THE LAKEGARDEN RESIDENCES,80 YUAN CHING ROAD,02,22,West Region,LH,19,2026-05-05,1109,1292,183,0.165,15,2491867,2693000,2248,2085,1099,0.489,-0.0724
newsale,THE LAKEGARDEN RESIDENCES,80 YUAN CHING ROAD,03,22,West Region,LH,19,2025-04-01,527,635,108,0.204,5,1331286,1352400,2524,2129,196,0.0777,-0.1563
newsale,THE LAKEGARDEN RESIDENCES,80 YUAN CHING ROAD,04,22,West Region,LH,19,2025-05-05,678,797,118,0.175,5,1605396,1628000,2367,2044,191,0.0806,-0.1367
newsale,THE LAKEGARDEN RESIDENCES,80 YUAN CHING ROAD,07,22,West Region,LH,19,2023-08-05,732,893,161,0.221,7,1656886,1861400,2264,2083,1267,0.5596,-0.0796
newsale,THE LAKEGARDEN RESIDENCES,82 YUAN CHING ROAD,10,22,West Region,LH,19,2024-10-14,732,893,161,0.221,3,1661465,1788700,2270,2002,788,0.3472,-0.118
newsale,THE LAKEGARDEN RESIDENCES,82 YUAN CHING ROAD,13,22,West Region,LH,19,2026-01-26,678,797,118,0.175,5,1640688,1668000,2419,2094,231,0.0953,-0.1345
newsale,THE LAKEGARDEN RESIDENCES,82 YUAN CHING ROAD,15,22,West Region,LH,19,2025-11-20,1012,1216,205,0.202,13,2288000,2418000,2261,1988,636,0.2811,-0.1209
newsale,THE LAKEGARDEN RESIDENCES,82 YUAN CHING ROAD,16,22,West Region,LH,19,2024-07-06,775,936,161,0.208,7,1732328,1778000,2235,1899,283,0.1266,-0.1506
newsale,THE LAKEGARDEN RESIDENCES,82 YUAN CHING ROAD,18,22,West Region,LH,19,2025-09-12,1550,2260,710,0.458,11,3550624,4380000,2291,1938,1167,0.5096,-0.1541
newsale,THE LILIUM,31 HOW SUN ROAD,02,19,North East Region,FH,5,2023-04-14,1292,1916,624,0.483,3,2539412,3278000,1966,1711,1183,0.6018,-0.1298
newsale,THE LILIUM,33 HOW SUN ROAD,11,19,North East Region,FH,5,2023-03-15,1227,1841,614,0.5,3,2255904,3311959,1838,1799,1721,0.9363,-0.0212
newsale,THE M,30 MIDDLE ROAD,02,07,Central Region,LH,20,2020-10-14,904,1012,108,0.119,16,2272874,2500000,2514,2471,2110,0.8394,-0.0171
newsale,THE M,30 MIDDLE ROAD,03,07,Central Region,LH,20,2021-09-10,592,732,140,0.236,3,1681944,1708000,2841,2333,186,0.0655,-0.1786
newsale,THE M,30 MIDDLE ROAD,04,07,Central Region,LH,20,2021-06-13,592,732,140,0.236,5,1681944,1740500,2841,2378,418,0.1473,-0.163
newsale,THE M,30 MIDDLE ROAD,05,07,Central Region,LH,20,2023-09-20,635,743,108,0.169,3,1905592,1981000,3001,2667,701,0.2335,-0.1111
newsale,THE M,30 MIDDLE ROAD,07,07,Central Region,LH,20,2020-02-28,484,624,140,0.289,15,1270654,1489000,2623,2385,1560,0.5948,-0.0908
newsale,THE M,36 MIDDLE ROAD,31,07,Central Region,LH,20,2020-02-22,431,560,129,0.3,16,1109267,1279900,2576,2287,1321,0.5127,-0.1124
newsale,THE M,36 MIDDLE ROAD,32,07,Central Region,LH,20,2023-10-31,667,840,172,0.258,4,2042572,2136000,3061,2544,542,0.1772,-0.1688
newsale,THE M,36 MIDDLE ROAD,34,07,Central Region,LH,20,2020-02-22,441,570,129,0.293,16,1185162,1332900,2685,2336,1144,0.4259,-0.13
newsale,THE M,38 MIDDLE ROAD,38,07,Central Region,LH,20,2022-04-11,614,764,151,0.246,4,1720240,1759000,2804,2302,257,0.0917,-0.1791
newsale,THE M,38 MIDDLE ROAD,39,07,Central Region,LH,20,2022-07-21,527,657,129,0.245,3,1451006,1650000,2751,2513,1541,0.56,-0.0865
newsale,THE M,38 MIDDLE ROAD,40,07,Central Region,LH,20,2022-08-29,527,657,129,0.245,3,1491840,1650000,2828,2513,1225,0.4329,-0.1115
newsale,THE M,38 MIDDLE ROAD,41,07,Central Region,LH,20,2022-08-11,527,657,129,0.245,3,1469462,1650000,2786,2513,1398,0.5017,-0.098
newsale,THE M,38 MIDDLE ROAD,45,07,Central Region,LH,20,2020-03-10,463,592,129,0.279,16,1220369,1415200,2637,2390,1508,0.5721,-0.0934
newsale,THE MYST,800 UPPER BUKIT TIMAH ROAD,02,23,West Region,LH,24,2025-05-22,1033,1227,194,0.188,5,2232152,2364000,2160,1926,680,0.315,-0.1082
newsale,THE MYST,800 UPPER BUKIT TIMAH ROAD,04,23,West Region,LH,24,2025-02-27,850,1023,172,0.203,6,1922028,2058000,2260,2013,790,0.3493,-0.1096
newsale,THE MYST,800 UPPER BUKIT TIMAH ROAD,07,23,West Region,LH,24,2025-01-10,915,1066,151,0.165,9,2023680,2160000,2212,2027,905,0.409,-0.0836
newsale,THE MYST,802 UPPER BUKIT TIMAH ROAD,09,23,West Region,LH,24,2025-11-27,678,840,161,0.238,3,1614816,1714000,2381,2041,614,0.258,-0.1427
newsale,THE MYST,802 UPPER BUKIT TIMAH ROAD,11,23,West Region,LH,24,2026-01-11,1163,1378,215,0.185,7,2486152,2604000,2139,1890,547,0.256,-0.1163
newsale,THE MYST,802 UPPER BUKIT TIMAH ROAD,13,23,West Region,LH,24,2024-10-19,517,657,140,0.271,3,1241724,1342000,2403,2044,717,0.2982,-0.1496
newsale,THE PANORAMA,8 ANG MO KIO AVENUE 2,03,20,North East Region,LH,20,2016-09-19,1561,2379,818,0.524,3,2164080,3000000,1387,1261,1022,0.737,-0.0905
newsale,THE POIZ RESIDENCES,10 MEYAPPA CHETTIAR ROAD,16,13,Central Region,LH,18,2016-01-20,775,1163,388,0.5,14,1164926,1238000,1503,1065,189,0.1255,-0.2915
newsale,THE POIZ RESIDENCES,10 MEYAPPA CHETTIAR ROAD,17,13,Central Region,LH,18,2015-12-12,484,700,215,0.444,14,775060,818000,1600,1169,199,0.1247,-0.2693
newsale,THE POIZ RESIDENCES,10 MEYAPPA CHETTIAR ROAD,18,13,Central Region,LH,18,2016-03-12,441,592,151,0.341,14,715632,754000,1622,1274,255,0.157,-0.2146
newsale,THE POIZ RESIDENCES,10 MEYAPPA CHETTIAR ROAD,19,13,Central Region,LH,18,2015-12-12,840,1259,420,0.5,14,1226210,1311000,1460,1041,202,0.1383,-0.2872
newsale,THE POIZ RESIDENCES,10 MEYAPPA CHETTIAR ROAD,20,13,Central Region,LH,18,2016-03-15,840,1259,420,0.5,14,1195310,1281000,1424,1017,204,0.1434,-0.2855
newsale,THE POIZ RESIDENCES,10 MEYAPPA CHETTIAR ROAD,21,13,Central Region,LH,18,2015-11-28,581,883,301,0.519,14,860046,925000,1480,1048,216,0.1457,-0.2917
newsale,THE POIZ RESIDENCES,10 MEYAPPA CHETTIAR ROAD,22,13,Central Region,LH,18,2015-11-29,581,883,301,0.519,14,860046,925000,1480,1048,216,0.1457,-0.2917
newsale,THE POIZ RESIDENCES,10 MEYAPPA CHETTIAR ROAD,23,13,Central Region,LH,18,2015-12-01,441,592,151,0.341,14,676192,709000,1532,1198,218,0.1421,-0.2184
newsale,THE POIZ RESIDENCES,10 MEYAPPA CHETTIAR ROAD,24,13,Central Region,LH,18,2015-12-09,441,592,151,0.341,13,675960,709000,1532,1198,219,0.1431,-0.2181
newsale,THE POIZ RESIDENCES,10 MEYAPPA CHETTIAR ROAD,25,13,Central Region,LH,18,2015-12-23,581,883,301,0.519,14,860046,925000,1480,1048,216,0.1457,-0.2917
newsale,THE POIZ RESIDENCES,10 MEYAPPA CHETTIAR ROAD,26,13,Central Region,LH,18,2015-12-20,581,883,301,0.519,13,859656,925000,1479,1048,217,0.1466,-0.2914
newsale,THE POIZ RESIDENCES,10 MEYAPPA CHETTIAR ROAD,27,13,Central Region,LH,18,2015-12-09,441,592,151,0.341,13,676424,709000,1533,1198,216,0.141,-0.2187
newsale,THE POIZ RESIDENCES,10 MEYAPPA CHETTIAR ROAD,28,13,Central Region,LH,18,2016-05-13,840,1259,420,0.5,14,1204006,1296000,1434,1029,219,0.1528,-0.2824
newsale,THE POIZ RESIDENCES,10 MEYAPPA CHETTIAR ROAD,29,13,Central Region,LH,18,2015-11-28,775,1152,377,0.486,14,1126300,1205000,1453,1046,209,0.1437,-0.2801
newsale,THE POIZ RESIDENCES,10 MEYAPPA CHETTIAR ROAD,30,13,Central Region,LH,18,2015-11-29,527,775,248,0.469,14,828492,858480,1571,1108,121,0.0771,-0.2948
newsale,THE POIZ RESIDENCES,12 MEYAPPA CHETTIAR ROAD,32,13,Central Region,LH,18,2016-07-16,527,807,280,0.531,12,830544,884000,1575,1095,191,0.1213,-0.3046
newsale,THE POIZ RESIDENCES,12 MEYAPPA CHETTIAR ROAD,33,13,Central Region,LH,18,2016-05-20,527,807,280,0.531,13,830624,884000,1575,1095,191,0.1211,-0.3047
newsale,THE POIZ RESIDENCES,12 MEYAPPA CHETTIAR ROAD,38,13,Central Region,LH,18,2016-12-06,420,592,172,0.41,12,663306,700000,1580,1182,213,0.1348,-0.2517
newsale,THE POIZ RESIDENCES,12 MEYAPPA CHETTIAR ROAD,39,13,Central Region,LH,18,2017-02-04,420,592,172,0.41,5,655860,692000,1562,1169,210,0.1343,-0.2518
newsale,THE POIZ RESIDENCES,12 MEYAPPA CHETTIAR ROAD,40,13,Central Region,LH,18,2017-03-24,420,592,172,0.41,11,655360,692000,1561,1169,213,0.1363,-0.2513
newsale,THE POIZ RESIDENCES,12 MEYAPPA CHETTIAR ROAD,41,13,Central Region,LH,18,2017-03-25,420,592,172,0.41,12,655098,692000,1561,1169,214,0.1373,-0.251
newsale,THE POIZ RESIDENCES,12 MEYAPPA CHETTIAR ROAD,42,13,Central Region,LH,18,2016-07-23,420,592,172,0.41,12,654562,692000,1559,1169,217,0.1394,-0.2503
newsale,THE POIZ RESIDENCES,12 MEYAPPA CHETTIAR ROAD,43,13,Central Region,LH,18,2016-03-18,420,592,172,0.41,10,654002,692000,1558,1169,221,0.1416,-0.2497
newsale,THE POIZ RESIDENCES,12 MEYAPPA CHETTIAR ROAD,44,13,Central Region,LH,18,2017-02-09,420,592,172,0.41,11,655360,692000,1561,1169,213,0.1363,-0.2513
newsale,THE POIZ RESIDENCES,12 MEYAPPA CHETTIAR ROAD,46,13,Central Region,LH,18,2017-05-12,420,592,172,0.41,4,656562,692000,1564,1169,206,0.1316,-0.2526
newsale,THE POIZ RESIDENCES,12 MEYAPPA CHETTIAR ROAD,47,13,Central Region,LH,18,2016-04-07,420,592,172,0.41,13,654836,692000,1560,1169,216,0.1383,-0.2507
newsale,THE POIZ RESIDENCES,12 MEYAPPA CHETTIAR ROAD,48,13,Central Region,LH,18,2016-02-25,420,592,172,0.41,13,654836,692000,1560,1169,216,0.1383,-0.2507
newsale,THE POIZ RESIDENCES,12 MEYAPPA CHETTIAR ROAD,49,13,Central Region,LH,18,2016-05-01,807,1249,441,0.547,13,1187340,1271000,1471,1018,190,0.1289,-0.3079
newsale,THE POIZ RESIDENCES,2 MEYAPPA CHETTIAR ROAD,01,13,Central Region,LH,18,2017-11-17,1152,1733,581,0.505,3,1599568,1758210,1389,1015,273,0.1965,-0.2695
newsale,THE POIZ RESIDENCES,2 MEYAPPA CHETTIAR ROAD,02,13,Central Region,LH,18,2017-07-11,1184,1765,581,0.491,9,1680640,1835460,1419,1040,266,0.1876,-0.2675
newsale,THE POIZ RESIDENCES,2 MEYAPPA CHETTIAR ROAD,03,13,Central Region,LH,18,2016-08-12,969,1442,474,0.489,14,1399250,1490000,1444,1033,192,0.1327,-0.2848
newsale,THE POIZ RESIDENCES,2 MEYAPPA CHETTIAR ROAD,04,13,Central Region,LH,18,2016-05-31,936,1410,474,0.506,14,1320730,1416000,1410,1004,201,0.1426,-0.288
newsale,THE QUINN,15 BARTLEY ROAD,30,19,North East Region,FH,5,2016-06-04,1066,1593,527,0.495,4,1645324,2220000,1544,1394,1090,0.7057,-0.0974
newsale,THE RAMFORD,6 RAMBAI ROAD,01,15,Central Region,FH,5,2019-02-01,1195,1701,506,0.423,3,1874880,2483000,1569,1460,1202,0.766,-0.0696
newsale,THE RAMFORD,6 RAMBAI ROAD,02,15,Central Region,FH,5,2019-03-07,1044,1528,484,0.464,3,1647564,2246000,1578,1469,1235,0.783,-0.0688
newsale,THE REEF AT KING'S DOCK,10 HARBOURFRONT AVENUE,20,04,Central Region,LH,10,2021-01-31,431,484,54,0.125,5,966818,1066000,2245,2201,1843,0.8207,-0.0199
newsale,THE REEF AT KING'S DOCK,20 HARBOURFRONT AVENUE,47,04,Central Region,LH,5,2021-02-08,1076,1281,205,0.19,4,2985041,3173987,2773,2478,924,0.3331,-0.1065
newsale,THE REEF AT KING'S DOCK,20 HARBOURFRONT AVENUE,48,04,Central Region,LH,5,2021-01-31,1216,1464,248,0.204,4,3441676,3697779,2830,2526,1034,0.3656,-0.1073
newsale,THE REEF AT KING'S DOCK,20 HARBOURFRONT AVENUE,59,04,Central Region,LH,5,2021-01-30,1216,1464,248,0.204,4,3317319,3547613,2727,2423,930,0.3411,-0.1114
newsale,THE REEF AT KING'S DOCK,20 HARBOURFRONT AVENUE,60,04,Central Region,LH,5,2021-01-30,1076,1281,205,0.19,4,2981599,3173987,2770,2478,941,0.3396,-0.1054
newsale,THE RESERVE RESIDENCES,15 JALAN ANAK BUKIT,115,21,Central Region,LH,32,2024-11-18,1625,2519,893,0.55,19,4309656,7823020,2652,3106,3932,1.4831,0.1714
newsale,THE RESERVE RESIDENCES,15 JALAN ANAK BUKIT,116,21,Central Region,LH,32,2024-04-02,1625,2519,893,0.55,14,4285794,7945200,2637,3154,4096,1.5534,0.1963
newsale,THE SANTORINI,23 TAMPINES STREET 86,16,18,East Region,LH,15,2016-06-13,1119,1604,484,0.433,4,1189572,1753000,1063,1093,1163,1.0946,0.0286
newsale,THE SANTORINI,29 TAMPINES STREET 86,27,18,East Region,LH,15,2016-09-23,1152,1572,420,0.364,5,1274344,1675080,1106,1066,955,0.8628,-0.0367
newsale,THE SANTORINI,29 TAMPINES STREET 86,28,18,East Region,LH,15,2017-07-12,1119,1507,388,0.346,14,1190797,1646000,1064,1092,1175,1.1043,0.0268
newsale,THE SKYWOODS,1 DAIRY FARM HEIGHTS,01,23,West Region,LH,15,2015-12-29,1044,1227,183,0.175,10,1293076,1427355,1238,1163,734,0.5925,-0.0608
newsale,THE SKYWOODS,1 DAIRY FARM HEIGHTS,02,23,West Region,LH,15,2015-04-15,1066,1292,226,0.212,6,1286199,1472900,1207,1140,826,0.6843,-0.0552
newsale,THE SKYWOODS,1 DAIRY FARM HEIGHTS,03,23,West Region,LH,15,2015-05-14,1012,1292,280,0.277,6,1264662,1463000,1250,1133,709,0.567,-0.0938
newsale,THE SKYWOODS,1 DAIRY FARM HEIGHTS,04,23,West Region,LH,15,2016-02-16,990,1227,237,0.239,10,1246861,1414551,1259,1153,708,0.5624,-0.0844
newsale,THE SKYWOODS,11 DAIRY FARM HEIGHTS,25,23,West Region,LH,15,2015-03-10,1173,1389,215,0.183,10,1320707,1508100,1126,1086,870,0.7733,-0.0351
newsale,THE SKYWOODS,11 DAIRY FARM HEIGHTS,26,23,West Region,LH,15,2015-05-14,1249,1475,226,0.181,6,1427349,1647800,1143,1117,975,0.8531,-0.0225
newsale,THE SKYWOODS,11 DAIRY FARM HEIGHTS,27,23,West Region,LH,15,2015-06-10,1012,1292,280,0.277,10,1263315,1430016,1249,1107,596,0.4771,-0.1133
newsale,THE SKYWOODS,11 DAIRY FARM HEIGHTS,28,23,West Region,LH,15,2016-02-23,990,1195,205,0.207,13,1217952,1365000,1230,1142,719,0.5846,-0.0711
newsale,THE SKYWOODS,3 DAIRY FARM HEIGHTS,05,23,West Region,LH,15,2015-11-13,1044,1227,183,0.175,5,1292556,1420000,1238,1157,696,0.5626,-0.0652
newsale,THE SKYWOODS,3 DAIRY FARM HEIGHTS,08,23,West Region,LH,15,2016-02-15,947,1173,226,0.239,11,1236233,1413300,1305,1205,783,0.6002,-0.077
newsale,THE SKYWOODS,5 DAIRY FARM HEIGHTS,09,23,West Region,LH,15,2015-04-10,872,1087,215,0.247,7,1160974,1331500,1332,1225,792,0.5949,-0.0802
newsale,THE SKYWOODS,5 DAIRY FARM HEIGHTS,10,23,West Region,LH,15,2016-04-11,1012,1292,280,0.277,4,1209509,1397200,1195,1082,671,0.561,-0.0951
newsale,THE SKYWOODS,5 DAIRY FARM HEIGHTS,11,23,West Region,LH,15,2015-08-24,1249,1475,226,0.181,10,1490222,1604800,1193,1088,507,0.4247,-0.0882
newsale,THE SKYWOODS,5 DAIRY FARM HEIGHTS,12,23,West Region,LH,15,2015-06-05,872,1098,226,0.259,7,1153301,1319297,1323,1202,734,0.5551,-0.0916
newsale,THE SKYWOODS,7 DAIRY FARM HEIGHTS,13,23,West Region,LH,15,2016-05-25,915,1163,248,0.271,7,1196810,1365051,1308,1174,680,0.5195,-0.1023
newsale,THE SKYWOODS,7 DAIRY FARM HEIGHTS,19,23,West Region,LH,15,2015-04-08,527,592,65,0.122,3,726867,760190,1378,1284,516,0.3744,-0.0682
newsale,THE SKYWOODS,9 DAIRY FARM HEIGHTS,21,23,West Region,LH,15,2016-04-12,947,1163,215,0.227,8,1169838,1300000,1235,1118,605,0.4896,-0.0945
newsale,THE SKYWOODS,9 DAIRY FARM HEIGHTS,23,23,West Region,LH,15,2015-06-24,1292,1625,334,0.258,12,1551754,1759600,1201,1083,623,0.5185,-0.0989
newsale,THE SKYWOODS,9 DAIRY FARM HEIGHTS,24,23,West Region,LH,15,2016-02-29,947,1163,215,0.227,13,1149120,1293200,1213,1112,669,0.5517,-0.083
newsale,THE TAPESTRY,51 TAMPINES STREET 86,04,18,East Region,LH,15,2020-11-16,603,743,140,0.232,3,876083,935550,1453,1260,425,0.2924,-0.1333
newsale,THE TAPESTRY,51 TAMPINES STREET 86,05,18,East Region,LH,15,2020-07-20,603,743,140,0.232,4,875772,935550,1453,1260,427,0.294,-0.133
newsale,THE TAPESTRY,51 TAMPINES STREET 86,12,18,East Region,LH,15,2018-05-05,474,603,129,0.273,14,697123,750870,1472,1246,416,0.2827,-0.1537
newsale,THE TAPESTRY,53 TAMPINES STREET 86,14,18,East Region,LH,15,2020-11-12,603,743,140,0.232,5,885298,945270,1469,1273,429,0.2918,-0.1334
newsale,THE TAPESTRY,53 TAMPINES STREET 86,15,18,East Region,LH,15,2018-06-30,1130,1346,215,0.19,5,1446755,1531200,1280,1138,392,0.3064,-0.111
newsale,THE TAPESTRY,53 TAMPINES STREET 86,16,18,East Region,LH,15,2019-03-17,1130,1346,215,0.19,10,1494855,1560060,1323,1159,303,0.229,-0.1234
newsale,THE TAPESTRY,53 TAMPINES STREET 86,20,18,East Region,LH,15,2020-02-18,990,1173,183,0.185,11,1281465,1342170,1294,1144,332,0.2564,-0.116
newsale,THE TAPESTRY,53 TAMPINES STREET 86,21,18,East Region,LH,15,2020-07-09,603,743,140,0.232,5,892296,943650,1480,1271,367,0.2479,-0.1417
newsale,THE TAPESTRY,55 TAMPINES STREET 86,22,18,East Region,LH,15,2020-06-14,926,1098,172,0.186,7,1276976,1339060,1379,1220,360,0.2613,-0.1159
newsale,THE TAPESTRY,55 TAMPINES STREET 86,23,18,East Region,LH,15,2018-12-14,1765,1991,226,0.128,3,2233638,2340900,1265,1176,475,0.375,-0.0709
newsale,THE TAPESTRY,55 TAMPINES STREET 86,24,18,East Region,LH,15,2019-06-22,1485,1668,183,0.123,9,1821418,1871910,1226,1122,276,0.225,-0.085
newsale,THE TAPESTRY,55 TAMPINES STREET 86,25,18,East Region,LH,15,2020-06-02,926,1098,172,0.186,11,1263237,1327590,1365,1209,374,0.2738,-0.1139
newsale,THE TAPESTRY,57 TAMPINES STREET 86,26,18,East Region,LH,15,2020-04-03,926,1098,172,0.186,5,1271182,1334070,1373,1215,365,0.2659,-0.1152
newsale,THE TAPESTRY,57 TAMPINES STREET 86,27,18,East Region,LH,15,2018-03-24,1432,1615,183,0.128,14,1757753,1785600,1228,1106,152,0.1239,-0.0993
newsale,THE TAPESTRY,57 TAMPINES STREET 86,28,18,East Region,LH,15,2018-05-01,1432,1615,183,0.128,13,1792028,1843560,1252,1142,282,0.225,-0.0878
newsale,THE TAPESTRY,57 TAMPINES STREET 86,29,18,East Region,LH,15,2020-07-07,926,1098,172,0.186,14,1279262,1343980,1382,1224,376,0.2719,-0.1142
newsale,THE TAPESTRY,59 TAMPINES STREET 86,30,18,East Region,LH,15,2020-05-29,603,743,140,0.232,5,895604,947100,1486,1275,368,0.2477,-0.1418
newsale,THE TAPESTRY,59 TAMPINES STREET 86,31,18,East Region,LH,15,2018-07-05,1130,1346,215,0.19,8,1448378,1512800,1282,1124,299,0.2335,-0.1226
newsale,THE TAPESTRY,59 TAMPINES STREET 86,32,18,East Region,LH,15,2018-03-24,1130,1346,215,0.19,11,1543530,1588800,1366,1181,210,0.154,-0.1354
newsale,THE TAPESTRY,59 TAMPINES STREET 86,33,18,East Region,LH,15,2018-03-24,700,818,118,0.169,13,1017309,1059200,1454,1295,354,0.2433,-0.1095
newsale,THE TAPESTRY,59 TAMPINES STREET 86,34,18,East Region,LH,15,2018-05-01,700,818,118,0.169,14,976054,1031130,1395,1260,465,0.3334,-0.0965
newsale,THE TAPESTRY,59 TAMPINES STREET 86,35,18,East Region,LH,15,2019-04-12,990,1173,183,0.185,9,1305720,1367280,1319,1165,336,0.2551,-0.1162
newsale,THE TAPESTRY,59 TAMPINES STREET 86,36,18,East Region,LH,15,2019-07-12,990,1173,183,0.185,3,1305745,1366120,1319,1164,330,0.2502,-0.1169
newsale,THE TAPESTRY,59 TAMPINES STREET 86,37,18,East Region,LH,15,2020-02-08,603,743,140,0.232,5,890216,940410,1477,1266,359,0.2429,-0.1427
newsale,THE TAPESTRY,61 TAMPINES STREET 86,39,18,East Region,LH,15,2018-03-24,474,603,129,0.273,14,719838,767200,1520,1273,367,0.2413,-0.1626
newsale,THE TAPESTRY,61 TAMPINES STREET 86,42,18,East Region,LH,15,2020-12-26,603,743,140,0.232,9,903184,961860,1498,1295,419,0.2798,-0.1357
newsale,THE TAPESTRY,61 TAMPINES STREET 86,47,18,East Region,LH,15,2020-12-24,603,743,140,0.232,12,895588,956940,1486,1288,438,0.2951,-0.1328
newsale,THE TAPESTRY,61 TAMPINES STREET 86,48,18,East Region,LH,15,2020-10-26,603,743,140,0.232,4,905339,965960,1502,1301,433,0.2884,-0.1341
newsale,THE TAPESTRY,61 TAMPINES STREET 86,49,18,East Region,LH,15,2020-07-17,474,603,129,0.273,3,734570,781860,1551,1297,366,0.2361,-0.1637
newsale,THE TAPESTRY,61 TAMPINES STREET 86,50,18,East Region,LH,15,2018-06-01,474,603,129,0.273,13,728086,776790,1537,1289,377,0.2453,-0.1617
newsale,THE TAPESTRY,63 TAMPINES STREET 86,51,18,East Region,LH,15,2018-12-18,603,743,140,0.232,13,882701,944460,1464,1272,441,0.3014,-0.1316
newsale,THE TAPESTRY,63 TAMPINES STREET 86,52,18,East Region,LH,15,2019-09-17,1130,1346,215,0.19,4,1479439,1545480,1309,1149,307,0.2344,-0.1225
newsale,THE TAPESTRY,63 TAMPINES STREET 86,53,18,East Region,LH,15,2018-06-10,1130,1346,215,0.19,12,1483472,1566540,1313,1164,386,0.294,-0.113
newsale,THE TAPESTRY,63 TAMPINES STREET 86,54,18,East Region,LH,15,2018-03-24,700,818,118,0.169,14,998694,1040800,1427,1272,356,0.2491,-0.1087
newsale,THE TAPESTRY,63 TAMPINES STREET 86,55,18,East Region,LH,15,2018-04-22,700,818,118,0.169,14,971168,1026270,1388,1255,465,0.3353,-0.0962
newsale,THE TAPESTRY,63 TAMPINES STREET 86,57,18,East Region,LH,15,2019-01-13,990,1173,183,0.185,12,1243973,1318680,1256,1124,408,0.325,-0.1053
newsale,THE TAPESTRY,63 TAMPINES STREET 86,58,18,East Region,LH,15,2019-10-17,603,743,140,0.232,4,905633,956120,1502,1287,361,0.2401,-0.1432
newsale,THE TEMBUSU,107 TAMPINES ROAD,04,19,North East Region,FH,17,2017-01-06,474,635,161,0.341,3,816754,953500,1724,1501,847,0.4911,-0.1294
newsale,THE TRILINQ,28B JALAN LEMPENG,19,05,West Region,LH,30,2015-06-15,915,1109,194,0.212,8,1297154,1440000,1418,1299,737,0.52,-0.0839
newsale,THE VERANDAH RESIDENCES,225 PASIR PANJANG ROAD,01,05,Central Region,FH,5,2018-05-24,1033,1195,161,0.156,3,1839600,1933000,1780,1618,578,0.3249,-0.0912
newsale,THE VERANDAH RESIDENCES,225 PASIR PANJANG ROAD,02,05,Central Region,FH,5,2018-04-07,527,646,118,0.224,3,950544,998000,1802,1545,401,0.2224,-0.1426
newsale,THE VERANDAH RESIDENCES,225 PASIR PANJANG ROAD,03,05,Central Region,FH,5,2018-04-07,463,549,86,0.186,4,890808,938000,1925,1709,548,0.2848,-0.1122
newsale,THE VERANDAH RESIDENCES,225 PASIR PANJANG ROAD,04,05,Central Region,FH,5,2018-05-01,1001,1152,151,0.151,4,1811886,1915000,1810,1663,684,0.378,-0.0814
newsale,THE VERANDAH RESIDENCES,225 PASIR PANJANG ROAD,05,05,Central Region,FH,5,2018-04-07,463,538,75,0.163,4,890808,938000,1925,1743,626,0.3254,-0.0944
newsale,THE VERANDAH RESIDENCES,225 PASIR PANJANG ROAD,06,05,Central Region,FH,5,2018-04-07,463,538,75,0.163,4,905386,948000,1956,1761,566,0.2891,-0.0995
newsale,THE VERANDAH RESIDENCES,225 PASIR PANJANG ROAD,07,05,Central Region,FH,5,2018-04-07,646,753,108,0.167,4,1234356,1285000,1911,1705,470,0.2462,-0.1077
newsale,THE VERANDAH RESIDENCES,225 PASIR PANJANG ROAD,08,05,Central Region,FH,5,2018-04-07,474,592,118,0.25,4,890808,938000,1881,1584,399,0.2119,-0.1576
newsale,THE VERANDAH RESIDENCES,225 PASIR PANJANG ROAD,09,05,Central Region,FH,5,2018-04-22,1292,1485,194,0.15,4,2309380,2403000,1788,1618,483,0.2703,-0.0952
newsale,THE VERANDAH RESIDENCES,227 PASIR PANJANG ROAD,10,05,Central Region,FH,5,2018-04-07,484,603,118,0.244,4,941108,988000,1943,1639,396,0.2038,-0.1564
newsale,THE VERANDAH RESIDENCES,227 PASIR PANJANG ROAD,11,05,Central Region,FH,5,2018-04-21,1087,1292,205,0.188,4,1954628,2039000,1798,1579,413,0.2295,-0.122
newsale,THE VERANDAH RESIDENCES,227 PASIR PANJANG ROAD,12,05,Central Region,FH,5,2018-04-07,904,1055,151,0.167,3,1659168,1729000,1835,1639,463,0.2525,-0.1068
newsale,THE VERANDAH RESIDENCES,227 PASIR PANJANG ROAD,13,05,Central Region,FH,5,2018-04-07,689,807,118,0.172,4,1324896,1385000,1923,1716,508,0.264,-0.1079
newsale,THE VERANDAH RESIDENCES,227 PASIR PANJANG ROAD,14,05,Central Region,FH,5,2018-04-07,603,710,108,0.179,4,1143816,1195000,1898,1682,476,0.2506,-0.1135
newsale,THE VERANDAH RESIDENCES,227 PASIR PANJANG ROAD,15,05,Central Region,FH,5,2018-04-07,700,818,118,0.169,4,1345016,1405000,1922,1717,507,0.2635,-0.1066
newsale,THE VERANDAH RESIDENCES,227 PASIR PANJANG ROAD,16,05,Central Region,FH,5,2018-05-07,936,1098,161,0.172,3,1638000,1691000,1749,1540,328,0.1877,-0.1195
newsale,THE VERANDAH RESIDENCES,227 PASIR PANJANG ROAD,17,05,Central Region,FH,5,2018-05-01,1249,1442,194,0.155,3,2247956,2316000,1800,1606,351,0.1951,-0.1081
newsale,THE VERANDAH RESIDENCES,229 PASIR PANJANG ROAD,18,05,Central Region,FH,5,2018-04-07,484,603,118,0.244,4,951168,998000,1964,1656,396,0.2014,-0.1569
newsale,THE VERANDAH RESIDENCES,229 PASIR PANJANG ROAD,19,05,Central Region,FH,5,2018-04-07,1087,1292,205,0.188,4,1903344,1976000,1751,1530,355,0.2029,-0.1262
newsale,THE VERANDAH RESIDENCES,229 PASIR PANJANG ROAD,20,05,Central Region,FH,5,2018-05-01,904,1055,151,0.167,3,1699148,1736000,1879,1646,245,0.1301,-0.1243
newsale,THE VERANDAH RESIDENCES,229 PASIR PANJANG ROAD,21,05,Central Region,FH,5,2018-04-07,689,807,118,0.172,4,1296728,1357000,1882,1681,509,0.2704,-0.107
newsale,THE VERANDAH RESIDENCES,229 PASIR PANJANG ROAD,22,05,Central Region,FH,5,2018-04-07,603,710,108,0.179,4,1115648,1167000,1851,1643,477,0.2578,-0.1125
newsale,THE VERANDAH RESIDENCES,229 PASIR PANJANG ROAD,23,05,Central Region,FH,5,2018-04-07,700,818,118,0.169,4,1316848,1377000,1882,1683,508,0.2699,-0.1057
newsale,THE VERANDAH RESIDENCES,229 PASIR PANJANG ROAD,24,05,Central Region,FH,5,2018-04-08,936,1098,161,0.172,3,1659168,1729000,1772,1575,433,0.2441,-0.1112
newsale,THE VERANDAH RESIDENCES,229 PASIR PANJANG ROAD,25,05,Central Region,FH,5,2018-04-22,1249,1442,194,0.155,4,2349656,2390000,1882,1657,208,0.1106,-0.1195
newsale,THE VERANDAH RESIDENCES,231 PASIR PANJANG ROAD,26,05,Central Region,FH,5,2018-04-07,1033,1195,161,0.156,4,1881212,1954000,1821,1635,451,0.2476,-0.1017
newsale,THE VERANDAH RESIDENCES,231 PASIR PANJANG ROAD,27,05,Central Region,FH,5,2018-04-07,527,646,118,0.224,3,980784,1028000,1860,1592,399,0.2145,-0.144
newsale,THE VERANDAH RESIDENCES,231 PASIR PANJANG ROAD,28,05,Central Region,FH,5,2018-04-07,463,549,86,0.186,3,927360,975000,2004,1776,553,0.2761,-0.1135
newsale,THE VERANDAH RESIDENCES,231 PASIR PANJANG ROAD,29,05,Central Region,FH,5,2018-04-07,990,1152,161,0.163,4,1811886,1876000,1830,1629,397,0.217,-0.1098
newsale,THE VERANDAH RESIDENCES,231 PASIR PANJANG ROAD,30,05,Central Region,FH,5,2018-04-08,463,538,75,0.163,4,890808,938000,1925,1743,626,0.3254,-0.0944
newsale,THE VERANDAH RESIDENCES,231 PASIR PANJANG ROAD,31,05,Central Region,FH,5,2018-04-07,463,538,75,0.163,4,900868,948000,1946,1761,626,0.3214,-0.095
newsale,THE VERANDAH RESIDENCES,231 PASIR PANJANG ROAD,32,05,Central Region,FH,5,2018-04-07,646,753,108,0.167,4,1196128,1257000,1852,1668,566,0.3053,-0.0992
newsale,THE WATERGARDENS AT CANBERRA,27 CANBERRA DRIVE,02,27,North Region,LH,5,2021-08-28,753,926,172,0.229,4,1133208,1169000,1504,1263,208,0.1382,-0.1603
newsale,THE WATERGARDENS AT CANBERRA,27 CANBERRA DRIVE,03,27,North Region,LH,5,2021-08-28,958,1163,205,0.213,4,1381230,1432000,1442,1232,248,0.1722,-0.1456
newsale,THE WATERGARDENS AT CANBERRA,27 CANBERRA DRIVE,05,27,North Region,LH,5,2021-08-29,753,926,172,0.229,4,1111998,1147000,1476,1239,203,0.1377,-0.1604
newsale,THE WATERGARDENS AT CANBERRA,27 CANBERRA DRIVE,06,27,North Region,LH,5,2022-05-09,958,1163,205,0.213,4,1413422,1545000,1475,1329,643,0.4361,-0.0992
newsale,THE WATERGARDENS AT CANBERRA,29 CANBERRA DRIVE,08,27,North Region,LH,5,2021-11-21,753,872,118,0.157,4,1116654,1173000,1482,1345,476,0.3211,-0.0922
newsale,THE WATERGARDENS AT CANBERRA,29 CANBERRA DRIVE,09,27,North Region,LH,5,2021-08-28,797,969,172,0.216,4,1175626,1211000,1476,1250,205,0.1392,-0.153
newsale,THE WATERGARDENS AT CANBERRA,29 CANBERRA DRIVE,10,27,North Region,LH,5,2021-08-28,797,969,172,0.216,4,1191288,1231000,1496,1271,231,0.1542,-0.1504
newsale,THE WATERGARDENS AT CANBERRA,29 CANBERRA DRIVE,12,27,North Region,LH,5,2022-04-01,958,1152,194,0.202,4,1401864,1530000,1463,1328,661,0.4519,-0.0922
newsale,THE WATERGARDENS AT CANBERRA,31 CANBERRA DRIVE,15,27,North Region,LH,5,2022-05-15,958,1163,205,0.213,4,1385992,1512000,1447,1301,616,0.4259,-0.101
newsale,THE WATERGARDENS AT CANBERRA,31 CANBERRA DRIVE,16,27,North Region,LH,5,2021-10-29,721,872,151,0.209,4,1095838,1162000,1519,1333,439,0.289,-0.1229
newsale,THE WATERGARDENS AT CANBERRA,31 CANBERRA DRIVE,18,27,North Region,LH,5,2021-08-28,904,1076,172,0.19,4,1334194,1386000,1476,1288,301,0.2039,-0.1274
newsale,THE WATERGARDENS AT CANBERRA,31 CANBERRA DRIVE,19,27,North Region,LH,5,2021-08-28,721,872,151,0.209,4,1065538,1097000,1477,1258,209,0.1413,-0.1484
newsale,THE WATERGARDENS AT CANBERRA,33 CANBERRA DRIVE,21,27,North Region,LH,5,2021-08-29,721,872,151,0.209,4,1100888,1133000,1526,1299,213,0.1396,-0.1487
newsale,THE WATERGARDENS AT CANBERRA,33 CANBERRA DRIVE,22,27,North Region,LH,5,2022-05-13,958,1163,205,0.213,4,1381230,1512000,1442,1301,639,0.4435,-0.0979
newsale,THE WATERGARDENS AT CANBERRA,33 CANBERRA DRIVE,24,27,North Region,LH,5,2021-08-28,721,872,151,0.209,4,1065538,1097000,1477,1258,209,0.1413,-0.1484
newsale,THE WATERGARDENS AT CANBERRA,33 CANBERRA DRIVE,25,27,North Region,LH,5,2021-08-28,904,1076,172,0.19,4,1324608,1381000,1465,1283,327,0.2235,-0.1242
newsale,THE WATERGARDENS AT CANBERRA,35 CANBERRA DRIVE,26,27,North Region,LH,5,2021-08-28,753,872,118,0.157,4,1132198,1160000,1503,1330,235,0.1563,-0.1146
newsale,THE WATERGARDENS AT CANBERRA,35 CANBERRA DRIVE,27,27,North Region,LH,5,2021-08-28,753,926,172,0.229,3,1140048,1172000,1513,1266,186,0.1226,-0.1632
newsale,THE WATERGARDENS AT CANBERRA,35 CANBERRA DRIVE,28,27,North Region,LH,5,2022-05-04,958,1163,205,0.213,3,1390032,1497000,1451,1288,523,0.3605,-0.1125
newsale,THE WATERGARDENS AT CANBERRA,35 CANBERRA DRIVE,30,27,North Region,LH,5,2022-05-02,958,1152,194,0.202,4,1374594,1502000,1435,1304,658,0.4583,-0.0911
newsale,THE WATERGARDENS AT CANBERRA,35 CANBERRA DRIVE,31,27,North Region,LH,5,2021-08-28,753,926,172,0.229,4,1136238,1172000,1508,1266,208,0.1377,-0.1604
newsale,THE WATERGARDENS AT CANBERRA,37 CANBERRA DRIVE,32,27,North Region,LH,5,2021-09-28,753,893,140,0.186,4,1157448,1233000,1536,1380,540,0.3515,-0.1016
newsale,THE WATERGARDENS AT CANBERRA,37 CANBERRA DRIVE,34,27,North Region,LH,5,2022-10-25,1109,1313,205,0.184,3,1703520,1798000,1537,1369,462,0.3007,-0.1089
newsale,THE WATERGARDENS AT CANBERRA,39 CANBERRA DRIVE,36,27,North Region,LH,5,2022-06-16,1302,1528,226,0.174,4,1967594,2097000,1511,1372,572,0.3789,-0.0918
newsale,THE WATERGARDENS AT CANBERRA,39 CANBERRA DRIVE,37,27,North Region,LH,5,2021-09-06,1109,1324,215,0.194,4,1626598,1702000,1467,1286,350,0.2387,-0.1238
newsale,THE WATERGARDENS AT CANBERRA,39 CANBERRA DRIVE,38,27,North Region,LH,5,2021-08-28,1109,1324,215,0.194,4,1660896,1723000,1498,1301,288,0.1926,-0.1313
newsale,THE WATERGARDENS AT CANBERRA,41 CANBERRA DRIVE,40,27,North Region,LH,5,2022-07-24,1302,1528,226,0.174,4,2004888,2097000,1539,1372,407,0.2647,-0.1087
newsale,THE WATERGARDENS AT CANBERRA,41 CANBERRA DRIVE,41,27,North Region,LH,5,2022-07-27,1109,1313,205,0.184,4,1684166,1780000,1519,1355,469,0.3085,-0.1077
newsale,THE WATERGARDENS AT CANBERRA,41 CANBERRA DRIVE,43,27,North Region,LH,5,2021-11-15,753,893,140,0.186,4,1181062,1240000,1567,1388,421,0.2687,-0.1145
newsale,THE WATERGARDENS AT CANBERRA,43 CANBERRA DRIVE,45,27,North Region,LH,5,2021-09-12,958,1163,205,0.213,4,1414994,1511000,1477,1300,469,0.3178,-0.12
newsale,THE WATERGARDENS AT CANBERRA,43 CANBERRA DRIVE,48,27,North Region,LH,5,2022-04-24,1109,1324,215,0.194,4,1690668,1769000,1525,1336,364,0.2386,-0.1238
newsale,THE WATERGARDENS AT CANBERRA,43 CANBERRA DRIVE,49,27,North Region,LH,5,2021-08-28,958,1163,205,0.213,4,1420044,1479000,1482,1272,288,0.1945,-0.1417
newsale,THE WATERGARDENS AT CANBERRA,43 CANBERRA DRIVE,50,27,North Region,LH,5,2021-12-26,753,872,118,0.157,4,1148856,1245000,1525,1428,812,0.5326,-0.0635
newsale,THE WATERGARDENS AT CANBERRA,45 CANBERRA DRIVE,51,27,North Region,LH,5,2022-07-16,1302,1528,226,0.174,3,1886516,2045000,1448,1338,701,0.484,-0.0763
newsale,THE WATERGARDENS AT CANBERRA,45 CANBERRA DRIVE,53,27,North Region,LH,5,2022-05-05,1109,1324,215,0.194,4,1672566,1752000,1509,1323,369,0.2446,-0.1228
newsale,THE WATERGARDENS AT CANBERRA,47 CANBERRA DRIVE,55,27,North Region,LH,5,2022-04-02,753,872,118,0.157,4,1152416,1245000,1529,1428,782,0.5113,-0.0664
newsale,THE WATERGARDENS AT CANBERRA,47 CANBERRA DRIVE,56,27,North Region,LH,5,2022-06-13,958,1163,205,0.213,4,1462480,1555000,1527,1338,452,0.2963,-0.1238
newsale,THE WATERGARDENS AT CANBERRA,47 CANBERRA DRIVE,59,27,North Region,LH,5,2022-05-14,958,1152,194,0.202,4,1435194,1572000,1498,1365,706,0.4713,-0.0889
newsale,THE WATERGARDENS AT CANBERRA,47 CANBERRA DRIVE,60,27,North Region,LH,5,2022-05-19,1109,1324,215,0.194,4,1620656,1740000,1462,1314,554,0.3792,-0.1009
newsale,THE WATERGARDENS AT CANBERRA,49 CANBERRA DRIVE,61,27,North Region,LH,5,2021-09-08,1109,1324,215,0.194,3,1618848,1681000,1460,1270,289,0.1977,-0.1305
newsale,THE WATERGARDENS AT CANBERRA,49 CANBERRA DRIVE,62,27,North Region,LH,5,2022-05-14,958,1152,194,0.202,4,1401864,1538000,1463,1335,703,0.4802,-0.0874
newsale,THE WATERGARDENS AT CANBERRA,49 CANBERRA DRIVE,64,27,North Region,LH,5,2022-02-15,753,926,172,0.229,4,1116654,1229000,1482,1328,652,0.4402,-0.1042
newsale,THE WATERGARDENS AT CANBERRA,49 CANBERRA DRIVE,65,27,North Region,LH,5,2022-08-09,958,1163,205,0.213,3,1473472,1571000,1538,1351,477,0.3101,-0.1214
newsale,THE WATERGARDENS AT CANBERRA,49 CANBERRA DRIVE,66,27,North Region,LH,5,2022-04-24,753,872,118,0.157,4,1139268,1252000,1512,1436,952,0.6297,-0.0503
newsale,THE WATERGARDENS AT CANBERRA,51 CANBERRA DRIVE,67,27,North Region,LH,5,2022-04-02,1302,1528,226,0.174,4,1911236,2045000,1467,1338,592,0.4033,-0.0883
newsale,THE WATERGARDENS AT CANBERRA,51 CANBERRA DRIVE,69,27,North Region,LH,5,2022-03-07,1109,1324,215,0.194,4,1627248,1711000,1468,1292,389,0.2651,-0.1195
newsale,THE WATERGARDENS AT CANBERRA,53 CANBERRA DRIVE,71,27,North Region,LH,5,2022-04-29,1302,1528,226,0.174,4,1957884,2050000,1503,1341,408,0.2711,-0.1078
newsale,THE WATERGARDENS AT CANBERRA,53 CANBERRA DRIVE,72,27,North Region,LH,5,2022-06-11,1109,1324,215,0.194,3,1618488,1734000,1460,1310,537,0.3676,-0.1028
newsale,THE WATERGARDENS AT CANBERRA,53 CANBERRA DRIVE,73,27,North Region,LH,5,2022-08-17,1109,1324,215,0.194,3,1621224,1747000,1462,1320,584,0.3995,-0.0976
newsale,THE WATERGARDENS AT CANBERRA,53 CANBERRA DRIVE,74,27,North Region,LH,5,2022-10-24,1302,1528,226,0.174,4,1954488,2066000,1501,1352,493,0.3287,-0.0993
newsale,THE WATERGARDENS AT CANBERRA,55 CANBERRA DRIVE,75,27,North Region,LH,5,2022-04-14,753,904,151,0.2,4,1136186,1241000,1508,1373,696,0.4612,-0.0898
newsale,THE WATERGARDENS AT CANBERRA,55 CANBERRA DRIVE,76,27,North Region,LH,5,2021-08-28,958,1163,205,0.213,4,1406914,1465000,1469,1260,284,0.1934,-0.1419
newsale,THE WATERGARDENS AT CANBERRA,55 CANBERRA DRIVE,77,27,North Region,LH,5,2021-09-27,753,926,172,0.229,4,1111998,1182000,1476,1277,406,0.2754,-0.1348
newsale,THE WATERGARDENS AT CANBERRA,55 CANBERRA DRIVE,80,27,North Region,LH,5,2021-08-28,797,969,172,0.216,4,1169758,1208000,1469,1247,222,0.1512,-0.1509
newsale,THE WATERGARDENS AT CANBERRA,55 CANBERRA DRIVE,81,27,North Region,LH,5,2021-08-29,1012,1206,194,0.191,4,1486704,1542000,1469,1279,285,0.1942,-0.1295
newsale,THE WATERGARDENS AT CANBERRA,55 CANBERRA DRIVE,82,27,North Region,LH,5,2022-04-08,753,904,151,0.2,4,1132750,1241000,1503,1373,718,0.4778,-0.087
newsale,THE WATERGARDENS AT CANBERRA,57 CANBERRA DRIVE,83,27,North Region,LH,5,2021-12-10,753,872,118,0.157,4,1135718,1234000,1507,1415,830,0.5507,-0.061
newsale,THE WATERGARDENS AT CANBERRA,57 CANBERRA DRIVE,84,27,North Region,LH,5,2021-11-20,753,936,183,0.243,4,1128158,1200000,1497,1281,393,0.2622,-0.1442
newsale,THE WATERGARDENS AT CANBERRA,57 CANBERRA DRIVE,85,27,North Region,LH,5,2022-02-14,1012,1206,194,0.191,4,1477624,1611000,1460,1336,688,0.4714,-0.085
newsale,THE WATERGARDENS AT CANBERRA,57 CANBERRA DRIVE,86,27,North Region,LH,5,2021-10-04,797,969,172,0.216,4,1172596,1253000,1472,1293,467,0.3171,-0.1214
newsale,THE WATERGARDENS AT CANBERRA,57 CANBERRA DRIVE,89,27,North Region,LH,5,2021-10-29,753,926,172,0.229,4,1111998,1182000,1476,1277,406,0.2754,-0.1348
newsale,THE WATERGARDENS AT CANBERRA,57 CANBERRA DRIVE,90,27,North Region,LH,5,2021-08-28,753,926,172,0.229,4,1137780,1169000,1510,1263,181,0.1201,-0.1637
newsale,THE WATERGARDENS AT CANBERRA,57 CANBERRA DRIVE,91,27,North Region,LH,5,2022-03-29,753,936,183,0.243,4,1131424,1247000,1502,1332,632,0.4206,-0.1132
newsale,TWIN VEW,91 WEST COAST VALE,02,05,West Region,LH,36,2018-08-08,1518,2088,570,0.376,31,2129216,3278000,1403,1570,2014,1.4353,0.1189
newsale,TWIN VEW,91 WEST COAST VALE,03,05,West Region,LH,36,2021-02-10,1378,1927,549,0.398,28,2133982,2998000,1549,1556,1574,1.0162,0.0046
newsale,TWIN VEW,91 WEST COAST VALE,05,05,West Region,LH,36,2018-06-01,1141,1442,301,0.264,25,1602720,2098000,1405,1455,1643,1.1698,0.0355
newsale,TWIN VEW,91 WEST COAST VALE,06,05,West Region,LH,36,2018-06-12,1249,1615,366,0.293,27,1803904,2348000,1445,1454,1487,1.029,0.0066
newsale,VELA BAY,1 BAYSHORE WALK,05,16,East Region,LH,31,2026-04-24,1582,1765,183,0.116,6,5060800,5829120,3198,3302,4199,1.3128,0.0324
newsale,VERDALE,10 DE SOUZA AVENUE,24,21,Central Region,LH,5,2021-12-05,1001,1518,517,0.516,3,1783204,2686900,1781,1770,1749,0.9819,-0.0062
newsale,VERDALE,10 DE SOUZA AVENUE,28,21,Central Region,LH,5,2021-08-20,1001,1518,517,0.516,4,1777038,2683900,1775,1768,1755,0.9888,-0.0038
newsale,VERDALE,14 DE SOUZA AVENUE,45,21,Central Region,LH,5,2022-03-27,1410,1873,463,0.328,4,2553476,3398100,1811,1814,1825,1.0077,0.0019
newsale,VERDALE,16 DE SOUZA AVENUE,48,21,Central Region,LH,5,2022-02-13,1410,1873,463,0.328,4,2544279,3344700,1804,1786,1729,0.9584,-0.0103
newsale,VERDALE,8 DE SOUZA AVENUE,18,21,Central Region,LH,5,2022-02-16,1001,1518,517,0.516,4,1762446,2690900,1761,1773,1797,1.0207,0.007
newsale,VERDALE,8 DE SOUZA AVENUE,19,21,Central Region,LH,5,2021-09-14,1001,1518,517,0.516,4,1764829,2695700,1763,1776,1802,1.0219,0.0075
newsale,VERDALE,8 DE SOUZA AVENUE,22,21,Central Region,LH,5,2022-02-14,1001,1518,517,0.516,4,1760813,2740700,1759,1806,1897,1.0782,0.0266
newsale,WHISTLER GRAND,107 WEST COAST VALE,01,05,West Region,LH,36,2018-12-23,614,689,75,0.123,20,917413,1029600,1495,1495,1489,0.9957,-0.0005
newsale,WHISTLER GRAND,107 WEST COAST VALE,02,05,West Region,LH,36,2018-12-24,1281,1464,183,0.143,31,1797658,1946400,1403,1330,813,0.5792,-0.0526
newsale,WHISTLER GRAND,107 WEST COAST VALE,05,05,West Region,LH,36,2020-08-04,764,850,86,0.113,20,1185687,1271820,1551,1496,1000,0.6447,-0.036
newsale,WHISTLER GRAND,107 WEST COAST VALE,06,05,West Region,LH,36,2021-01-24,614,689,75,0.123,13,965294,1060800,1573,1540,1267,0.8056,-0.0213
newsale,WHISTLER GRAND,107 WEST COAST VALE,09,05,West Region,LH,36,2020-12-14,958,1066,108,0.112,11,1489628,1568800,1555,1472,736,0.473,-0.0532
newsale,WHISTLER GRAND,107 WEST COAST VALE,11,05,West Region,LH,36,2020-10-13,603,689,86,0.143,4,988873,1054400,1641,1531,761,0.4638,-0.067
newsale,WHISTLER GRAND,109 WEST COAST VALE,12,05,West Region,LH,36,2020-09-27,1066,1173,108,0.101,10,1623851,1707200,1524,1455,774,0.5081,-0.0451
newsale,WHISTLER GRAND,109 WEST COAST VALE,13,05,West Region,LH,36,2021-06-05,506,614,108,0.213,14,862773,982400,1705,1601,1111,0.6517,-0.0611
newsale,WHISTLER GRAND,109 WEST COAST VALE,14,05,West Region,LH,36,2020-12-13,614,689,75,0.123,21,987930,1081600,1610,1570,1243,0.772,-0.0249
newsale,WHISTLER GRAND,109 WEST COAST VALE,15,05,West Region,LH,36,2020-08-16,764,850,86,0.113,15,1212308,1296420,1586,1525,977,0.6157,-0.0389
newsale,WHISTLER GRAND,109 WEST COAST VALE,16,05,West Region,LH,36,2021-07-27,441,517,75,0.171,6,801462,863200,1816,1671,819,0.4512,-0.08
newsale,WHISTLER GRAND,109 WEST COAST VALE,17,05,West Region,LH,36,2018-12-09,1066,1173,108,0.101,32,1522770,1608000,1429,1371,792,0.5541,-0.0409
newsale,WHISTLER GRAND,109 WEST COAST VALE,19,05,West Region,LH,36,2020-10-04,624,700,75,0.121,5,1007026,1064800,1613,1522,767,0.4753,-0.0565
newsale,WHISTLER GRAND,109 WEST COAST VALE,20,05,West Region,LH,36,2020-08-09,990,1098,108,0.109,7,1487073,1558820,1502,1420,667,0.4439,-0.0545
newsale,WHISTLER GRAND,109 WEST COAST VALE,21,05,West Region,LH,36,2020-12-13,958,1066,108,0.112,5,1443092,1523200,1506,1429,744,0.4941,-0.0511
newsale,WILSHIRE RESIDENCES,30 FARRER ROAD,04,10,Central Region,FH,12,2019-10-13,463,603,140,0.302,3,1234114,1324760,2666,2198,648,0.243,-0.1757
newsale,WILSHIRE RESIDENCES,30 FARRER ROAD,06,10,Central Region,FH,12,2021-04-15,732,861,129,0.176,8,1844016,2033000,2519,2361,1463,0.5807,-0.0629
newsale,WILSHIRE RESIDENCES,30 FARRER ROAD,07,10,Central Region,FH,12,2021-10-11,646,797,151,0.233,9,1679600,1788000,2601,2245,719,0.2766,-0.1369
resale,38 JERVOIS,38 JERVOIS ROAD,01,10,Central Region,FH,5,2020-06-15,818,1098,280,0.342,3,1716805,1978888,2099,1802,936,0.4462,-0.1412
resale,38 JERVOIS,38 JERVOIS ROAD,02,10,Central Region,FH,5,2020-06-15,818,1098,280,0.342,3,1696645,1968888,2074,1793,973,0.469,-0.1353
resale,38 JERVOIS,38 JERVOIS ROAD,04,10,Central Region,FH,5,2020-06-04,818,1098,280,0.342,3,1689913,1968888,2066,1793,997,0.4825,-0.1319
resale,8@WOODLEIGH,6 WOODLEIGH CLOSE,13,13,Central Region,LH,15,2022-05-26,398,495,97,0.243,3,662940,700000,1665,1414,383,0.2298,-0.1507
resale,8@WOODLEIGH,8 WOODLEIGH CLOSE,22,13,Central Region,LH,15,2017-02-03,1378,1658,280,0.203,3,1702136,1800000,1235,1086,350,0.283,-0.121
resale,AMBER 45,45 AMBER ROAD,01,15,Central Region,FH,21,2024-10-17,614,764,151,0.246,3,1706600,1780000,2782,2329,487,0.1751,-0.1626
resale,ASCENTIA SKY,3 ALEXANDRA VIEW,12,03,Central Region,LH,43,2024-03-18,1475,1991,517,0.35,5,3041280,3800000,2062,1908,1468,0.712,-0.0747
resale,BARTLEY RESIDENCES,1A LORONG HOW SUN,06,19,North East Region,LH,13,2021-10-12,1184,1808,624,0.527,3,1657600,2367500,1400,1309,1137,0.8122,-0.0648
resale,BOTANIQUE AT BARTLEY,221 UPPER PAYA LEBAR ROAD,04,19,North East Region,LH,17,2024-05-29,743,861,118,0.159,3,1519800,1680000,2046,1951,1353,0.6612,-0.0466
resale,BOTANIQUE AT BARTLEY,233 UPPER PAYA LEBAR ROAD,34,19,North East Region,LH,17,2024-12-18,517,689,172,0.333,3,913723,1100000,1768,1597,1082,0.6116,-0.0971
resale,BOTANIQUE AT BARTLEY,235 UPPER PAYA LEBAR ROAD,41,19,North East Region,LH,17,2022-01-11,721,840,118,0.164,5,1227200,1300000,1702,1548,615,0.3613,-0.0901
resale,BOTANIQUE AT BARTLEY,237 UPPER PAYA LEBAR ROAD,45,19,North East Region,LH,17,2024-07-19,517,689,172,0.333,3,895104,1100000,1732,1597,1190,0.6867,-0.0783
resale,CANAAN,11 MATTAR ROAD,01,14,Central Region,FH,5,2024-07-18,947,1163,215,0.227,3,1651808,1860004,1744,1600,967,0.5546,-0.0825
resale,CASA MERAH,62 TANAH MERAH KECHIL AVENUE,23,16,East Region,LH,12,2017-10-10,1534,2185,651,0.425,3,1757000,1600000,1145,732,-241,-0.2105,-0.3608
resale,CITYSCAPE @FARRER PARK,101 MERGUI ROAD,05,08,Central Region,FH,30,2025-01-24,1378,2121,743,0.539,3,2344928,2900000,1702,1368,747,0.4391,-0.1965
resale,CLYDES RESIDENCE,78 MERGUI ROAD,01,08,Central Region,FH,17,2017-07-26,1119,1668,549,0.49,3,1233600,1500800,1102,900,487,0.4417,-0.1837
resale,COSTA DEL SOL,68 BAYSHORE ROAD,02,16,East Region,LH,30,2022-07-07,1313,1787,474,0.361,4,2130040,2680000,1622,1500,1161,0.7159,-0.0753
resale,COSTA DEL SOL,70 BAYSHORE ROAD,11,16,East Region,LH,30,2021-02-05,1346,1798,452,0.336,3,1861068,2400000,1383,1335,1192,0.8618,-0.0347
resale,COSTA DEL SOL,72 BAYSHORE ROAD,13,16,East Region,LH,30,2021-04-22,1755,2540,786,0.448,3,2761200,3050000,1574,1201,368,0.2335,-0.2371
resale,COSTA DEL SOL,78 BAYSHORE ROAD,22,16,East Region,LH,30,2021-04-07,1475,1991,517,0.35,3,1943760,2700000,1318,1356,1464,1.1104,0.0287
resale,FULCRUM,33 FORT ROAD,09,15,Central Region,FH,21,2017-05-05,818,1098,280,0.342,5,1482624,2063160,1812,1879,2074,1.1445,0.0368
resale,FULCRUM,33 FORT ROAD,10,15,Central Region,FH,21,2017-05-15,710,1098,388,0.545,3,1372800,2080000,1932,1894,1825,0.9444,-0.0196
resale,GRANDEUR PARK RESIDENCES,7 BEDOK SOUTH AVENUE 3,30,16,East Region,LH,14,2023-06-28,667,904,237,0.355,4,1300160,1420000,1948,1570,506,0.2598,-0.1939
resale,HIGH PARK RESIDENCES,21 FERNVALE ROAD,05,28,North East Region,LH,24,2020-12-17,678,947,269,0.397,4,854120,980000,1260,1035,468,0.3714,-0.1786
resale,HIGH PARK RESIDENCES,29 FERNVALE ROAD,38,28,North East Region,LH,25,2021-06-07,980,1238,258,0.264,4,1270600,1510000,1297,1220,927,0.7144,-0.0596
resale,HIGH PARK RESIDENCES,31 FERNVALE ROAD,50,28,North East Region,LH,25,2020-04-13,570,818,248,0.434,3,786000,850000,1378,1039,259,0.1876,-0.2458
resale,HIGH PARK RESIDENCES,31 FERNVALE ROAD,54,28,North East Region,LH,25,2021-01-05,635,850,215,0.339,3,873480,1050000,1375,1235,820,0.5962,-0.1022
resale,ICON,10 GOPENG STREET,02,02,Central Region,LH,40,2017-11-02,926,1281,355,0.384,3,1616160,1868000,1746,1458,709,0.4061,-0.1647
resale,KINGSFORD . HILLVIEW PEAK,101 HILLVIEW RISE,05,23,West Region,LH,26,2023-06-30,549,614,65,0.118,4,835960,860000,1523,1402,372,0.2444,-0.0795
resale,KINGSFORD WATERBAY,68 UPPER SERANGOON VIEW,26,19,North East Region,LH,16,2021-09-22,484,689,205,0.422,3,634880,790000,1311,1147,758,0.5787,-0.1251
resale,KINGSFORD WATERBAY,72 UPPER SERANGOON VIEW,42,19,North East Region,LH,16,2023-04-20,850,1066,215,0.253,3,1171920,1360000,1378,1276,874,0.6339,-0.074
resale,KINGSFORD WATERBAY,74 UPPER SERANGOON VIEW,46,19,North East Region,LH,16,2021-08-30,484,678,194,0.4,4,626590,795000,1294,1172,869,0.6719,-0.0937
resale,LAKE GRANDE,8 JURONG LAKE LINK,21,22,West Region,LH,17,2024-12-16,721,861,140,0.194,3,1372800,1380000,1904,1603,51,0.027,-0.1581
resale,LEEDON RESIDENCE,18 LEEDON HEIGHTS,24,10,Central Region,FH,11,2018-06-13,4704,6125,1421,0.302,3,9753600,12800000,2074,2090,2144,1.034,0.0079
resale,LEEDON RESIDENCE,20 LEEDON HEIGHTS,26,10,Central Region,FH,11,2017-11-24,4704,6125,1421,0.302,3,9956800,12000000,2117,1959,1438,0.6794,-0.0744
resale,LEEDON RESIDENCE,20 LEEDON HEIGHTS,28,10,Central Region,FH,11,2017-04-04,4704,6125,1421,0.302,4,9983600,12000000,2122,1959,1419,0.6686,-0.0769
resale,LEONIE PARC VIEW,22 LEONIE HILL ROAD,01,09,Central Region,FH,27,2022-01-27,2013,3003,990,0.492,3,4710400,8000000,2340,2664,3322,1.4195,0.1383
resale,MARGARET VILLE,20 MARGARET DRIVE,01,03,Central Region,LH,40,2025-12-30,700,818,118,0.169,4,1692432,1900000,2419,2323,1753,0.7247,-0.0398
resale,MARGARET VILLE,20 MARGARET DRIVE,08,03,Central Region,LH,40,2025-10-17,1184,1464,280,0.236,3,2934400,2900000,2478,1981,-123,-0.0496,-0.2007
resale,MAYSPRINGS,2 PETIR ROAD,02,23,West Region,LH,22,2022-01-19,904,1389,484,0.536,3,854400,1285000,945,925,889,0.9408,-0.0207
resale,NEW FUTURA,18 LEONIE HILL ROAD,05,09,Central Region,FH,33,2018-02-13,2250,2691,441,0.196,5,7698029,8764000,3422,3257,2415,0.7059,-0.0482
resale,NOUVEL 18,18 ANDERSON ROAD,03,10,Central Region,FH,34,2021-08-30,2476,2820,344,0.139,8,8853472,9704000,3576,3441,2469,0.6905,-0.0378
resale,NOUVEL 18,18 ANDERSON ROAD,04,10,Central Region,FH,33,2021-10-08,1335,1679,344,0.258,5,4367736,5880000,3272,3502,4391,1.3417,0.0701
resale,NOUVEL 18,18 ANDERSON ROAD,05,10,Central Region,FH,33,2021-09-13,1582,1862,280,0.177,7,5654096,6416000,3573,3445,2722,0.7619,-0.0358
resale,PARC BOTANNIA,10 FERNVALE STREET,02,28,North East Region,LH,22,2026-07-14,786,936,151,0.192,4,1349180,1308000,1717,1397,-273,-0.1591,-0.1865
resale,PARC BOTANNIA,18 FERNVALE STREET,31,28,North East Region,LH,22,2023-05-30,667,786,118,0.177,3,1105776,1208880,1657,1538,871,0.5256,-0.0715
resale,PARC ESTA,902 SIMS AVENUE,11,14,Central Region,LH,18,2025-04-29,743,861,118,0.159,6,1707204,1785000,2299,2073,657,0.2859,-0.0982
resale,PARC ESTA,902 SIMS AVENUE,17,14,Central Region,LH,18,2025-10-16,958,1119,161,0.169,4,2424280,2480000,2531,2215,345,0.1364,-0.1246
resale,PARC ESTA,906 SIMS AVENUE,30,14,Central Region,LH,18,2025-02-12,915,1012,97,0.106,3,2236600,2260000,2445,2234,242,0.0988,-0.0863
resale,PARC ESTA,908 SIMS AVENUE,40,14,Central Region,LH,18,2025-07-07,700,775,75,0.108,6,1671648,1640000,2389,2116,-420,-0.1758,-0.1143
resale,PARC ESTA,908 SIMS AVENUE,41,14,Central Region,LH,18,2024-11-26,700,775,75,0.108,4,1655640,1628000,2366,2101,-367,-0.155,-0.1123
resale,PARC ESTA,914 SIMS AVENUE,61,14,Central Region,LH,18,2025-07-14,743,861,118,0.159,3,1745120,1798000,2350,2088,447,0.1901,-0.1114
resale,PARC RIVIERA,101 WEST COAST VALE,01,05,West Region,LH,36,2025-03-28,1152,1679,527,0.458,6,2115936,2350000,1837,1399,444,0.2416,-0.2382
resale,PARC RIVIERA,101 WEST COAST VALE,05,05,West Region,LH,36,2022-02-04,904,1335,431,0.476,9,1396560,1500000,1545,1124,240,0.1555,-0.2724
resale,PARC RIVIERA,101 WEST COAST VALE,10,05,West Region,LH,36,2025-01-06,710,1033,323,0.455,4,1238366,1330000,1743,1287,284,0.1628,-0.2616
resale,PARC RIVIERA,103 WEST COAST VALE,16,05,West Region,LH,36,2025-07-09,904,1335,431,0.476,3,1639181,1608888,1813,1205,-70,-0.0388,-0.3351
resale,PARK COLONIAL,2 WOODLEIGH LANE,06,13,Central Region,LH,15,2025-08-20,1023,1346,323,0.316,3,2713200,2770000,2653,2059,176,0.0663,-0.2241
resale,PARK COLONIAL,4 WOODLEIGH LANE,16,13,Central Region,LH,15,2025-01-06,603,818,215,0.357,5,1357160,1535000,2252,1876,826,0.3669,-0.1666
resale,Q BAY RESIDENCES,1 TAMPINES STREET 86,02,18,East Region,LH,16,2024-06-26,517,603,86,0.167,3,780266,888000,1510,1473,1251,0.8285,-0.0245
resale,Q BAY RESIDENCES,1 TAMPINES STREET 86,10,18,East Region,LH,16,2022-04-04,797,915,118,0.149,3,947520,1065000,1190,1164,992,0.8341,-0.0215
resale,Q BAY RESIDENCES,3 TAMPINES STREET 86,15,18,East Region,LH,16,2021-05-28,829,936,108,0.13,3,970080,1030000,1170,1100,557,0.4756,-0.0603
resale,QUEENS PEAK,1 DUNDEE ROAD,13,03,Central Region,LH,38,2023-12-07,947,1055,108,0.114,3,2001600,2420000,2113,2294,3887,1.8395,0.0857
resale,REGENT HEIGHTS,52 BUKIT BATOK EAST AVENUE 5,01,23,West Region,LH,28,2018-10-09,1023,1216,194,0.189,3,817880,968800,800,796,779,0.9739,-0.0042
resale,REGENT HEIGHTS,52 BUKIT BATOK EAST AVENUE 5,08,23,West Region,LH,28,2020-09-24,1023,1216,194,0.189,3,842400,1060000,824,871,1123,1.3633,0.0579
resale,RESIDENCES @ EVELYN,17 EVELYN ROAD,06,11,Central Region,FH,32,2017-01-26,2250,3466,1216,0.541,4,3748600,5800000,1666,1673,1687,1.0122,0.0043
resale,REZI 26,5A LORONG 26 GEYLANG,10,14,Central Region,FH,8,2020-09-11,441,646,205,0.463,3,593920,818000,1346,1267,1096,0.8141,-0.0589
resale,RV RESIDENCES,471 RIVER VALLEY ROAD,37,10,Central Region,LH,7,2017-09-29,861,1292,431,0.5,3,1821600,2300000,2115,1781,1111,0.5253,-0.1582
resale,SIMS URBAN OASIS,10 SIMS DRIVE,39,14,Central Region,LH,18,2025-12-16,958,1130,172,0.18,3,1807200,1940000,1886,1716,771,0.4088,-0.0901
resale,SIMS URBAN OASIS,10 SIMS DRIVE,43,14,Central Region,LH,18,2021-03-03,667,829,161,0.242,4,1024618,1260000,1535,1520,1458,0.9495,-0.0098
resale,SIMS URBAN OASIS,2 SIMS DRIVE,03,14,Central Region,LH,19,2023-04-26,624,797,172,0.276,3,1143560,1292000,1832,1622,862,0.4705,-0.1145
resale,SIMS URBAN OASIS,8 SIMS DRIVE,27,14,Central Region,LH,18,2025-01-16,958,1184,226,0.236,3,2038848,1920000,2128,1622,-526,-0.2471,-0.2381
resale,SKY EVERTON,50 EVERTON ROAD,10,02,Central Region,FH,32,2025-01-03,506,646,140,0.277,3,1512480,1850000,2990,2864,2412,0.8068,-0.0419
resale,SKY HABITAT,7 BISHAN STREET 15,07,20,Central Region,LH,26,2017-11-07,1276,1830,554,0.435,6,2029712,2683560,1591,1467,1179,0.7412,-0.0784
resale,SKYSUITES@ANSON,8 ENGGOR STREET,03,02,Central Region,LH,71,2017-08-04,700,1066,366,0.523,7,1683812,2375750,2407,2229,1891,0.7856,-0.0736
resale,STIRLING RESIDENCES,21 STIRLING ROAD,05,03,Central Region,LH,40,2025-05-06,689,904,215,0.312,6,1836058,1918000,2665,2121,381,0.1428,-0.2041
resale,STIRLING RESIDENCES,21 STIRLING ROAD,06,03,Central Region,LH,40,2025-11-28,657,883,226,0.344,5,1583040,1740000,2411,1971,694,0.288,-0.1823
resale,STIRLING RESIDENCES,23 STIRLING ROAD,19,03,Central Region,LH,40,2025-09-23,689,904,215,0.312,9,1782000,1915000,2587,2118,618,0.2388,-0.1812
resale,STIRLING RESIDENCES,25 STIRLING ROAD,27,03,Central Region,LH,38,2026-07-09,635,840,205,0.322,4,1595258,1650000,2512,1965,268,0.1066,-0.2176
resale,STIRLING RESIDENCES,25 STIRLING ROAD,29,03,Central Region,LH,38,2026-03-27,657,883,226,0.344,6,1569024,1740000,2390,1971,756,0.3165,-0.175
resale,SUITES @ NEWTON,1 SURREY ROAD,04,11,Central Region,FH,18,2017-04-13,484,560,75,0.156,6,936356,1020000,1933,1822,1110,0.5742,-0.0573
resale,THE CLEMENT CANOPY,16 CLEMENTI AVENUE 1,02,05,West Region,LH,40,2021-10-13,990,1163,172,0.174,3,1808800,1768000,1827,1521,-237,-0.1297,-0.1674
resale,THE CLEMENT CANOPY,16 CLEMENTI AVENUE 1,05,05,West Region,LH,40,2025-03-12,990,1163,172,0.174,4,2108700,2080000,2129,1789,-167,-0.0783,-0.1597
resale,THE CLEMENT CANOPY,16 CLEMENTI AVENUE 1,06,05,West Region,LH,40,2023-05-04,1141,1346,205,0.179,4,2278040,2280000,1997,1695,10,0.0048,-0.1513
resale,THE CLIFT,21 MCCALLUM STREET,08,01,Central Region,LH,32,2024-06-06,506,764,258,0.511,6,1089699,1220000,2154,1596,504,0.2342,-0.2589
resale,THE CLIFT,21 MCCALLUM STREET,09,01,Central Region,LH,36,2025-02-14,527,775,248,0.469,3,1106960,1340000,2099,1729,941,0.4485,-0.1762
resale,THE CREST,101 PRINCE CHARLES CRESCENT,06,03,Central Region,LH,23,2017-10-24,1545,1733,188,0.122,4,3039210,3113000,1968,1796,392,0.1991,-0.0871
resale,THE CREST,103 PRINCE CHARLES CRESCENT,07,03,Central Region,LH,21,2019-02-15,1184,1335,151,0.127,8,2426621,2451240,2049,1836,163,0.0797,-0.1039
resale,THE CREST,103 PRINCE CHARLES CRESCENT,08,03,Central Region,LH,22,2018-09-25,614,807,194,0.316,7,1305600,1699000,2128,2105,2030,0.9542,-0.011
resale,THE CREST,105 PRINCE CHARLES CRESCENT,13,03,Central Region,LH,22,2018-07-02,1227,1658,431,0.351,6,2323248,3089000,1893,1863,1779,0.9394,-0.0157
resale,THE GARDEN RESIDENCES,1 SERANGOON NORTH VIEW,12,19,North East Region,LH,15,2024-12-31,786,1033,248,0.315,5,1476800,1688888,1879,1634,857,0.4558,-0.1304
resale,THE GARDEN RESIDENCES,9 SERANGOON NORTH VIEW,38,19,North East Region,LH,15,2025-08-20,904,1163,258,0.286,4,1796533,1983000,1987,1706,722,0.3633,-0.1415
resale,THE INTERWEAVE,21 KIM KEAT ROAD,09,12,Central Region,FH,21,2018-06-20,764,1152,388,0.507,3,1027040,1450000,1344,1259,1091,0.8122,-0.0632
resale,THE LAKEFRONT RESIDENCES,48 LAKESIDE DRIVE,25,22,West Region,LH,17,2018-11-07,721,990,269,0.373,5,997920,1100000,1384,1111,379,0.2741,-0.1972
resale,THE LAKEFRONT RESIDENCES,48 LAKESIDE DRIVE,30,22,West Region,LH,17,2021-12-02,506,603,97,0.191,4,730710,752000,1444,1248,220,0.1522,-0.1363
resale,THE LAKEFRONT RESIDENCES,48 LAKESIDE DRIVE,35,22,West Region,LH,17,2022-02-25,490,592,102,0.209,3,720800,775000,1472,1309,530,0.3601,-0.1105
resale,THE LUXURIE,23 COMPASSVALE ROAD,23,19,North East Region,LH,15,2022-02-25,775,936,161,0.208,3,991760,1100000,1280,1175,670,0.5239,-0.0821
resale,THE MAYFAIR,1 JURONG EAST STREET 32,05,22,West Region,LH,19,2023-06-16,1163,1346,183,0.157,3,1315840,1540000,1132,1145,1225,1.0822,0.0112
resale,THE MINTON,10D HOUGANG STREET 11,48,19,North East Region,LH,17,2020-10-22,700,797,97,0.138,6,762500,770000,1090,967,77,0.071,-0.113
resale,THE MINTON,12 HOUGANG STREET 11,56,19,North East Region,LH,17,2021-12-01,1109,1346,237,0.214,4,1379176,1448000,1244,1076,291,0.2336,-0.1349
resale,THE MINTON,14 HOUGANG STREET 11,70,19,North East Region,LH,17,2022-01-11,1216,1464,248,0.204,3,1467200,1788888,1206,1222,1299,1.0772,0.0131
resale,THE PANORAMA,8 ANG MO KIO AVENUE 2,03,20,North East Region,LH,20,2022-09-15,1561,2379,818,0.524,5,2960640,3980000,1897,1673,1246,0.6569,-0.118
resale,THE POIZ RESIDENCES,12 MEYAPPA CHETTIAR ROAD,48,13,Central Region,LH,18,2023-04-05,420,592,172,0.41,3,821600,868000,1957,1466,269,0.1377,-0.2509
resale,THE QUARTZ,63 COMPASSVALE BOW,28,19,North East Region,LH,19,2021-09-30,1066,1410,344,0.323,3,1202256,1428000,1128,1013,655,0.5809,-0.1024
resale,THE RITZ-CARLTON RESIDENCES SINGAPORE CAIRNHILL,65 CAIRNHILL ROAD,02,09,Central Region,FH,34,2017-05-30,2831,3574,743,0.262,5,10315278,12859252,3644,3598,3425,0.94,-0.0125
resale,THE SAIL @ MARINA BAY,2 MARINA BOULEVARD,01,01,Central Region,LH,67,2016-03-31,1184,1625,441,0.373,3,2681920,3550000,2265,2184,1967,0.8684,-0.0357
resale,THE SAIL @ MARINA BAY,2 MARINA BOULEVARD,01,01,Central Region,LH,67,2024-01-24,1184,1625,441,0.373,6,2688150,3500000,2270,2153,1840,0.8103,-0.0515
resale,THE TAPESTRY,55 TAMPINES STREET 86,22,18,East Region,LH,15,2024-05-07,926,1098,172,0.186,4,1617920,1730000,1748,1576,651,0.3723,-0.0985
resale,THE TAPESTRY,57 TAMPINES STREET 86,26,18,East Region,LH,15,2023-12-27,926,1098,172,0.186,3,1580800,1725000,1708,1571,837,0.4903,-0.08
resale,THE TAPESTRY,57 TAMPINES STREET 86,29,18,East Region,LH,15,2024-07-26,926,1098,172,0.186,3,1687280,1730000,1823,1576,248,0.1361,-0.1355
resale,THE TAPESTRY,59 TAMPINES STREET 86,31,18,East Region,LH,15,2025-03-27,1130,1346,215,0.19,3,1976000,2180000,1748,1620,948,0.542,-0.0733
resale,THOMSON GRAND,17 SIN MING WALK,07,20,Central Region,LH,20,2018-06-08,1372,1636,264,0.192,3,1830480,2200000,1334,1345,1401,1.0505,0.0081
resale,THOMSON GRAND,17 SIN MING WALK,08,20,Central Region,LH,20,2017-07-27,1362,1582,221,0.162,3,1822720,2000000,1339,1264,803,0.6002,-0.0558
resale,THOMSON GRAND,21 SIN MING WALK,11,20,Central Region,LH,20,2021-12-14,1378,1647,269,0.195,3,2142400,2380000,1555,1445,883,0.5678,-0.0706
resale,THOMSON THREE,41 BRIGHT HILL DRIVE,07,20,Central Region,LH,21,2021-06-09,732,1066,334,0.456,4,1282208,1428000,1752,1340,437,0.2494,-0.235
resale,TURQUOISE,51 COVE DRIVE,04,04,Central Region,LH,6,2022-02-14,2099,3122,1023,0.487,3,3195805,4448210,1523,1425,1225,0.8044,-0.0641
resale,WHISTLER GRAND,107 WEST COAST VALE,11,05,West Region,LH,36,2025-06-12,603,689,86,0.143,7,1204800,1320000,1999,1916,1338,0.6693,-0.0413
resale,WHISTLER GRAND,109 WEST COAST VALE,14,05,West Region,LH,36,2024-11-20,614,689,75,0.123,5,1212180,1231000,1976,1787,250,0.1264,-0.0955
resale,WHISTLER GRAND,109 WEST COAST VALE,21,05,West Region,LH,36,2024-05-30,958,1066,108,0.112,4,2003500,2000000,2091,1877,-33,-0.0155,-0.1026
resale,ZEDGE,2 AKYAB ROAD,01,11,Central Region,FH,20,2023-01-30,915,1302,388,0.424,3,1684800,1950000,1841,1497,684,0.3717,-0.1869
